-- phpMyAdmin SQL Dump
-- version 5.1.0
-- https://www.phpmyadmin.net/
--
-- Servidor: 127.0.0.1
-- Tiempo de generación: 09-12-2021 a las 04:09:37
-- Versión del servidor: 10.4.18-MariaDB
-- Versión de PHP: 8.0.3

SET SQL_MODE = "NO_AUTO_VALUE_ON_ZERO";
START TRANSACTION;
SET time_zone = "+00:00";


/*!40101 SET @OLD_CHARACTER_SET_CLIENT=@@CHARACTER_SET_CLIENT */;
/*!40101 SET @OLD_CHARACTER_SET_RESULTS=@@CHARACTER_SET_RESULTS */;
/*!40101 SET @OLD_COLLATION_CONNECTION=@@COLLATION_CONNECTION */;
/*!40101 SET NAMES utf8mb4 */;

--
-- Base de datos: `piloncitosoft`
--

-- --------------------------------------------------------

--
-- Estructura de tabla para la tabla `clientes`
--

CREATE TABLE `clientes` (
  `id` bigint(20) UNSIGNED NOT NULL,
  `nombre` varchar(50) COLLATE utf8mb4_unicode_ci NOT NULL,
  `cedula` varchar(20) COLLATE utf8mb4_unicode_ci NOT NULL,
  `direccion` varchar(40) COLLATE utf8mb4_unicode_ci NOT NULL,
  `contacto` varchar(20) COLLATE utf8mb4_unicode_ci NOT NULL,
  `estado` varchar(255) COLLATE utf8mb4_unicode_ci NOT NULL DEFAULT '1',
  `created_at` timestamp NULL DEFAULT NULL,
  `updated_at` timestamp NULL DEFAULT NULL
) ENGINE=InnoDB DEFAULT CHARSET=utf8mb4 COLLATE=utf8mb4_unicode_ci;

--
-- Volcado de datos para la tabla `clientes`
--

INSERT INTO `clientes` (`id`, `nombre`, `cedula`, `direccion`, `contacto`, `estado`, `created_at`, `updated_at`) VALUES
(1, 'Brahian Rojas', '1234567899', 'Cl. 00 #00-00', '3001001010', '0', '2021-10-14 16:24:32', '2021-10-27 15:47:34'),
(2, 'Milena Mor Cataño', '015326598', 'Cra. 99 #11-00', '3110110055', '0', '2021-10-27 02:05:39', '2021-10-27 15:49:52'),
(3, 'Petito Perez', '2403258815', 'Cl. 00 #11-11', '002225588', '0', '2021-10-27 15:45:14', '2021-10-27 15:47:33'),
(5, 'Camo', '522200515', 'Cl. 11 #11-11', '3005005000', '1', '2021-11-22 15:33:11', '2021-11-22 15:33:11');

-- --------------------------------------------------------

--
-- Estructura de tabla para la tabla `compras`
--

CREATE TABLE `compras` (
  `id` bigint(20) UNSIGNED NOT NULL,
  `numReciboCompra` varchar(30) COLLATE utf8mb4_unicode_ci NOT NULL,
  `fecha` datetime NOT NULL,
  `id_proveedor` bigint(20) UNSIGNED NOT NULL,
  `totalcompra` double NOT NULL,
  `estado` int(11) NOT NULL DEFAULT 1,
  `created_at` timestamp NULL DEFAULT NULL,
  `updated_at` timestamp NULL DEFAULT NULL
) ENGINE=InnoDB DEFAULT CHARSET=utf8mb4 COLLATE=utf8mb4_unicode_ci;

--
-- Volcado de datos para la tabla `compras`
--

INSERT INTO `compras` (`id`, `numReciboCompra`, `fecha`, `id_proveedor`, `totalcompra`, `estado`, `created_at`, `updated_at`) VALUES
(2, '0055266', '2021-10-27 10:19:00', 1, 87465, 1, '2021-10-27 15:22:12', '2021-10-27 15:22:12'),
(3, '0055266', '2021-10-27 10:25:00', 1, 30000, 1, '2021-10-27 15:25:47', '2021-10-27 15:25:47'),
(4, '50066425', '2021-11-09 15:23:00', 1, 418880, 0, '2021-11-09 20:24:03', '2021-11-24 15:07:42'),
(5, '50066425', '2021-11-17 09:26:00', 1, 102000, 0, '2021-11-17 14:26:25', '2021-11-24 15:06:34'),
(7, '612515981', '2021-11-22 10:43:00', 1, 71400, 0, '2021-11-22 15:43:43', '2021-11-30 13:29:18'),
(8, '50066425', '2021-11-24 11:13:00', 4, 656750, 0, '2021-11-24 16:15:02', '2021-11-24 16:15:20'),
(9, '80562210', '2021-11-30 08:29:00', 4, 321300, 0, '2021-11-30 13:30:45', '2021-11-30 13:31:56');

-- --------------------------------------------------------

--
-- Estructura de tabla para la tabla `configuracion`
--

CREATE TABLE `configuracion` (
  `id` bigint(20) UNSIGNED NOT NULL,
  `id_rol` bigint(20) UNSIGNED NOT NULL,
  `id_funcion` bigint(20) UNSIGNED NOT NULL,
  `created_at` timestamp NULL DEFAULT NULL,
  `updated_at` timestamp NULL DEFAULT NULL
) ENGINE=InnoDB DEFAULT CHARSET=utf8mb4 COLLATE=utf8mb4_unicode_ci;

-- --------------------------------------------------------

--
-- Estructura de tabla para la tabla `detallecompras`
--

CREATE TABLE `detallecompras` (
  `id` bigint(20) UNSIGNED NOT NULL,
  `id_compra` bigint(20) UNSIGNED NOT NULL,
  `id_insumo` bigint(20) UNSIGNED NOT NULL,
  `cantidad` int(11) NOT NULL,
  `precio_unitario` double NOT NULL,
  `precio_total` double NOT NULL,
  `iva` double NOT NULL,
  `subtotal` double NOT NULL,
  `created_at` timestamp NULL DEFAULT NULL,
  `updated_at` timestamp NULL DEFAULT NULL
) ENGINE=InnoDB DEFAULT CHARSET=utf8mb4 COLLATE=utf8mb4_unicode_ci;

--
-- Volcado de datos para la tabla `detallecompras`
--

INSERT INTO `detallecompras` (`id`, `id_compra`, `id_insumo`, `cantidad`, `precio_unitario`, `precio_total`, `iva`, `subtotal`, `created_at`, `updated_at`) VALUES
(3, 2, 6, 10, 5000, 59500, 0.19, 50000, '2021-10-27 15:22:12', '2021-10-27 15:22:12'),
(6, 5, 5, 20, 5000, 102000, 0.02, 100000, '2021-11-17 14:26:25', '2021-11-17 14:26:25'),
(9, 7, 4, 12000, 5, 71400, 0.19, 60000, '2021-11-22 15:43:43', '2021-11-22 15:43:43'),
(10, 8, 5, 50, 6500, 386750, 0.19, 325000, '2021-11-24 16:15:02', '2021-11-24 16:15:02'),
(11, 8, 12, 30, 7500, 270000, 0.2, 225000, '2021-11-24 16:15:02', '2021-11-24 16:15:02'),
(12, 9, 3, 20, 8500, 202300, 0.19, 170000, '2021-11-30 13:30:45', '2021-11-30 13:30:45'),
(13, 9, 13, 40, 2500, 119000, 0.19, 100000, '2021-11-30 13:30:45', '2021-11-30 13:30:45');

-- --------------------------------------------------------

--
-- Estructura de tabla para la tabla `detalleventas`
--

CREATE TABLE `detalleventas` (
  `id` bigint(20) UNSIGNED NOT NULL,
  `id_venta` bigint(20) UNSIGNED NOT NULL,
  `id_producto` bigint(20) UNSIGNED NOT NULL,
  `cantidad` int(11) NOT NULL,
  `precio_unitario` double NOT NULL,
  `precio_total` double NOT NULL,
  `created_at` timestamp NULL DEFAULT NULL,
  `updated_at` timestamp NULL DEFAULT NULL
) ENGINE=InnoDB DEFAULT CHARSET=utf8mb4 COLLATE=utf8mb4_unicode_ci;

--
-- Volcado de datos para la tabla `detalleventas`
--

INSERT INTO `detalleventas` (`id`, `id_venta`, `id_producto`, `cantidad`, `precio_unitario`, `precio_total`, `created_at`, `updated_at`) VALUES
(144, 124, 1, 2, 12000, 24000, '2021-11-08 05:55:57', '2021-11-08 05:55:57'),
(145, 124, 2, 2, 8000, 16000, '2021-11-08 05:55:57', '2021-11-08 05:55:57'),
(146, 125, 1, 4, 12000, 48000, '2021-11-08 05:56:26', '2021-11-08 05:56:26'),
(147, 125, 2, 4, 8000, 32000, '2021-11-08 05:56:26', '2021-11-08 05:56:26'),
(148, 126, 1, 4, 12000, 48000, '2021-11-08 05:57:49', '2021-11-08 05:57:49'),
(149, 126, 2, 4, 8000, 32000, '2021-11-08 05:57:49', '2021-11-08 05:57:49'),
(252, 229, 1, 3, 12000, 36000, '2021-11-09 03:25:26', '2021-11-09 03:25:26'),
(253, 229, 2, 3, 8000, 24000, '2021-11-09 03:25:26', '2021-11-09 03:25:26'),
(254, 230, 1, 2, 12000, 24000, '2021-11-09 15:28:30', '2021-11-09 15:28:30'),
(255, 231, 1, 5, 12000, 60000, '2021-11-09 15:29:41', '2021-11-09 15:29:41'),
(256, 233, 2, 2, 8000, 16000, '2021-11-11 15:04:45', '2021-11-11 15:04:45'),
(257, 233, 1, 4, 12000, 48000, '2021-11-11 15:04:45', '2021-11-11 15:04:45'),
(258, 234, 2, 2, 8000, 16000, '2021-11-11 15:05:59', '2021-11-11 15:05:59'),
(259, 235, 2, 1, 8000, 8000, '2021-11-11 15:09:59', '2021-11-11 15:09:59'),
(260, 235, 1, 1, 12000, 12000, '2021-11-11 15:09:59', '2021-11-11 15:09:59'),
(261, 238, 2, 2, 8000, 16000, '2021-11-17 16:15:34', '2021-11-17 16:15:34'),
(262, 239, 2, 2, 8000, 16000, '2021-11-18 15:46:07', '2021-11-18 15:46:07'),
(263, 240, 2, 4, 8000, 32000, '2021-11-19 00:19:25', '2021-11-19 00:19:25'),
(264, 241, 2, 2, 8000, 16000, '2021-11-19 00:20:58', '2021-11-19 00:20:58'),
(265, 242, 25, 3, 14000, 42000, '2021-11-19 00:22:10', '2021-11-19 00:22:10'),
(266, 243, 1, 3, 12000, 36000, '2021-11-19 00:23:18', '2021-11-19 00:23:18'),
(267, 244, 25, 5, 14000, 70000, '2021-11-19 00:53:17', '2021-11-19 00:53:17'),
(268, 245, 25, 1, 14000, 14000, '2021-11-19 00:54:07', '2021-11-19 00:54:07'),
(269, 246, 1, 2, 12000, 24000, '2021-11-19 00:54:55', '2021-11-19 00:54:55'),
(270, 247, 1, 4, 12000, 48000, '2021-11-19 00:55:31', '2021-11-19 00:55:31'),
(271, 247, 25, 2, 14000, 28000, '2021-11-19 00:55:31', '2021-11-19 00:55:31'),
(272, 248, 25, 2, 14000, 28000, '2021-11-19 00:56:49', '2021-11-19 00:56:49'),
(273, 249, 2, 3, 8000, 24000, '2021-11-19 00:57:25', '2021-11-19 00:57:25'),
(274, 250, 2, 5, 8000, 40000, '2021-11-19 00:57:46', '2021-11-19 00:57:46'),
(275, 251, 2, 4, 8000, 32000, '2021-11-19 01:11:15', '2021-11-19 01:11:15'),
(276, 252, 2, 5, 8000, 40000, '2021-11-19 01:27:42', '2021-11-19 01:27:42'),
(277, 253, 25, 5, 14000, 70000, '2021-11-19 01:28:21', '2021-11-19 01:28:21'),
(278, 254, 2, 3, 8000, 24000, '2021-11-19 01:32:29', '2021-11-19 01:32:29'),
(279, 255, 25, 6, 14000, 84000, '2021-11-19 01:41:27', '2021-11-19 01:41:27'),
(280, 256, 1, 1, 12000, 12000, '2021-11-19 01:43:48', '2021-11-19 01:43:48'),
(281, 256, 25, 3, 14000, 42000, '2021-11-19 01:43:48', '2021-11-19 01:43:48'),
(282, 256, 2, 2, 8000, 16000, '2021-11-19 01:43:48', '2021-11-19 01:43:48'),
(283, 257, 2, 5, 8000, 40000, '2021-11-19 01:44:51', '2021-11-19 01:44:51'),
(284, 257, 25, 7, 14000, 98000, '2021-11-19 01:44:51', '2021-11-19 01:44:51'),
(285, 257, 1, 6, 12000, 72000, '2021-11-19 01:44:51', '2021-11-19 01:44:51'),
(286, 258, 2, 1, 8000, 8000, '2021-11-19 05:55:57', '2021-11-19 05:55:57'),
(287, 258, 1, 1, 12000, 12000, '2021-11-19 05:55:57', '2021-11-19 05:55:57'),
(288, 258, 25, 1, 14000, 14000, '2021-11-19 05:55:57', '2021-11-19 05:55:57'),
(289, 259, 2, 1, 8000, 8000, '2021-11-19 05:57:30', '2021-11-19 05:57:30'),
(290, 259, 1, 1, 12000, 12000, '2021-11-19 05:57:30', '2021-11-19 05:57:30'),
(291, 259, 25, 1, 14000, 14000, '2021-11-19 05:57:30', '2021-11-19 05:57:30'),
(292, 260, 1, 2, 12000, 24000, '2021-11-19 05:58:58', '2021-11-19 05:58:58'),
(293, 260, 2, 4, 8000, 32000, '2021-11-19 05:58:58', '2021-11-19 05:58:58'),
(294, 269, 25, 3, 14000, 42000, '2021-11-19 06:13:03', '2021-11-19 06:13:03'),
(295, 269, 1, 1, 12000, 12000, '2021-11-19 06:13:03', '2021-11-19 06:13:03'),
(296, 269, 2, 2, 8000, 16000, '2021-11-19 06:13:03', '2021-11-19 06:13:03'),
(297, 273, 2, 2, 8000, 16000, '2021-11-19 06:19:49', '2021-11-19 06:19:49'),
(298, 273, 25, 1, 14000, 14000, '2021-11-19 06:19:49', '2021-11-19 06:19:49'),
(299, 274, 25, 1, 14000, 14000, '2021-11-19 06:25:50', '2021-11-19 06:25:50'),
(300, 274, 1, 2, 12000, 24000, '2021-11-19 06:25:50', '2021-11-19 06:25:50'),
(301, 274, 2, 4, 8000, 32000, '2021-11-19 06:25:50', '2021-11-19 06:25:50'),
(302, 275, 2, 5, 8000, 40000, '2021-11-19 06:27:21', '2021-11-19 06:27:21'),
(303, 276, 2, 3, 8000, 24000, '2021-11-19 06:33:05', '2021-11-19 06:33:05'),
(304, 276, 25, 1, 14000, 14000, '2021-11-19 06:33:05', '2021-11-19 06:33:05'),
(305, 276, 1, 1, 12000, 12000, '2021-11-19 06:33:05', '2021-11-19 06:33:05'),
(306, 277, 1, 3, 12000, 36000, '2021-11-19 06:43:30', '2021-11-19 06:43:30'),
(307, 277, 25, 1, 14000, 14000, '2021-11-19 06:43:30', '2021-11-19 06:43:30'),
(308, 278, 1, 2, 12000, 24000, '2021-11-19 06:45:25', '2021-11-19 06:45:25'),
(309, 278, 2, 2, 8000, 16000, '2021-11-19 06:45:25', '2021-11-19 06:45:25'),
(310, 279, 25, 4, 14000, 56000, '2021-11-19 06:47:06', '2021-11-19 06:47:06'),
(311, 279, 1, 2, 12000, 24000, '2021-11-19 06:47:06', '2021-11-19 06:47:06'),
(312, 280, 1, 2, 12000, 24000, '2021-11-19 06:49:17', '2021-11-19 06:49:17'),
(313, 281, 2, 3, 8000, 24000, '2021-11-19 06:50:04', '2021-11-19 06:50:04'),
(314, 282, 2, 5, 8000, 40000, '2021-11-19 06:56:52', '2021-11-19 06:56:52'),
(315, 283, 2, 1, 8000, 8000, '2021-11-19 07:00:23', '2021-11-19 07:00:23'),
(316, 283, 1, 1, 12000, 12000, '2021-11-19 07:00:23', '2021-11-19 07:00:23'),
(317, 284, 1, 4, 12000, 48000, '2021-11-19 07:01:03', '2021-11-19 07:01:03'),
(318, 284, 25, 3, 14000, 42000, '2021-11-19 07:01:03', '2021-11-19 07:01:03'),
(319, 285, 25, 1, 14000, 14000, '2021-11-19 07:01:21', '2021-11-19 07:01:21'),
(320, 286, 1, 1, 12000, 12000, '2021-11-19 07:04:52', '2021-11-19 07:04:52'),
(321, 286, 2, 1, 8000, 8000, '2021-11-19 07:04:52', '2021-11-19 07:04:52'),
(322, 287, 2, 4, 8000, 32000, '2021-11-19 07:09:09', '2021-11-19 07:09:09'),
(323, 288, 25, 1, 14000, 14000, '2021-11-19 07:11:47', '2021-11-19 07:11:47'),
(324, 289, 25, 1, 14000, 14000, '2021-11-19 07:12:10', '2021-11-19 07:12:10'),
(325, 290, 25, 2, 14000, 28000, '2021-11-19 07:14:36', '2021-11-19 07:14:36'),
(326, 291, 25, 2, 14000, 28000, '2021-11-19 07:14:55', '2021-11-19 07:14:55'),
(327, 292, 25, 3, 14000, 42000, '2021-11-19 07:15:16', '2021-11-19 07:15:16'),
(328, 293, 25, 2, 14000, 28000, '2021-11-19 07:16:21', '2021-11-19 07:16:21'),
(329, 294, 25, 1, 14000, 14000, '2021-11-19 07:16:49', '2021-11-19 07:16:49'),
(330, 294, 2, 2, 8000, 16000, '2021-11-19 07:16:49', '2021-11-19 07:16:49'),
(331, 295, 2, 5, 8000, 40000, '2021-11-19 07:24:05', '2021-11-19 07:24:05'),
(332, 296, 1, 2, 12000, 24000, '2021-11-19 07:30:32', '2021-11-19 07:30:32'),
(333, 297, 25, 1, 14000, 14000, '2021-11-19 07:36:57', '2021-11-19 07:36:57'),
(334, 297, 2, 2, 8000, 16000, '2021-11-19 07:36:57', '2021-11-19 07:36:57'),
(335, 298, 2, 4, 8000, 32000, '2021-11-19 07:37:29', '2021-11-19 07:37:29'),
(336, 299, 2, 1, 8000, 8000, '2021-11-19 07:39:25', '2021-11-19 07:39:25'),
(337, 299, 25, 2, 14000, 28000, '2021-11-19 07:39:25', '2021-11-19 07:39:25'),
(338, 299, 1, 2, 12000, 24000, '2021-11-19 07:39:25', '2021-11-19 07:39:25'),
(339, 300, 1, 1, 12000, 12000, '2021-11-19 07:39:59', '2021-11-19 07:39:59'),
(340, 301, 25, 1, 14000, 14000, '2021-11-19 07:46:26', '2021-11-19 07:46:26'),
(341, 302, 2, 2, 8000, 16000, '2021-11-19 07:51:07', '2021-11-19 07:51:07'),
(342, 302, 25, 1, 14000, 14000, '2021-11-19 07:51:07', '2021-11-19 07:51:07'),
(343, 303, 25, 1, 14000, 14000, '2021-11-19 07:55:43', '2021-11-19 07:55:43'),
(344, 303, 2, 2, 8000, 16000, '2021-11-19 07:55:43', '2021-11-19 07:55:43'),
(345, 303, 1, 5, 12000, 60000, '2021-11-19 07:55:43', '2021-11-19 07:55:43'),
(346, 304, 1, 4, 12000, 48000, '2021-11-19 07:57:42', '2021-11-19 07:57:42'),
(347, 305, 25, 1, 14000, 14000, '2021-11-19 07:58:43', '2021-11-19 07:58:43'),
(348, 306, 2, 2, 8000, 16000, '2021-11-19 07:59:49', '2021-11-19 07:59:49'),
(349, 306, 25, 1, 14000, 14000, '2021-11-19 07:59:49', '2021-11-19 07:59:49'),
(350, 307, 1, 3, 12000, 36000, '2021-11-19 08:00:34', '2021-11-19 08:00:34'),
(351, 308, 25, 2, 14000, 28000, '2021-11-19 08:02:54', '2021-11-19 08:02:54'),
(352, 308, 1, 3, 12000, 36000, '2021-11-19 08:02:54', '2021-11-19 08:02:54'),
(353, 308, 2, 2, 8000, 16000, '2021-11-19 08:02:54', '2021-11-19 08:02:54'),
(354, 309, 2, 2, 8000, 16000, '2021-11-19 08:05:05', '2021-11-19 08:05:05'),
(355, 310, 25, 1, 14000, 14000, '2021-11-19 08:07:30', '2021-11-19 08:07:30'),
(356, 311, 1, 2, 12000, 24000, '2021-11-19 08:07:54', '2021-11-19 08:07:54'),
(357, 312, 25, 2, 14000, 28000, '2021-11-19 08:11:29', '2021-11-19 08:11:29'),
(358, 313, 1, 2, 12000, 24000, '2021-11-19 08:25:57', '2021-11-19 08:25:57'),
(359, 313, 25, 1, 14000, 14000, '2021-11-19 08:25:57', '2021-11-19 08:25:57'),
(360, 313, 2, 4, 8000, 32000, '2021-11-19 08:25:57', '2021-11-19 08:25:57'),
(361, 314, 2, 3, 8000, 24000, '2021-11-19 08:27:31', '2021-11-19 08:27:31'),
(362, 314, 1, 2, 12000, 24000, '2021-11-19 08:27:31', '2021-11-19 08:27:31'),
(363, 314, 25, 3, 14000, 42000, '2021-11-19 08:27:31', '2021-11-19 08:27:31'),
(364, 315, 25, 5, 14000, 70000, '2021-11-19 08:31:03', '2021-11-19 08:31:03'),
(365, 316, 2, 3, 8000, 24000, '2021-11-19 08:34:14', '2021-11-19 08:34:14'),
(366, 316, 25, 2, 14000, 28000, '2021-11-19 08:34:14', '2021-11-19 08:34:14'),
(367, 316, 1, 4, 12000, 48000, '2021-11-19 08:34:14', '2021-11-19 08:34:14'),
(368, 317, 1, 4, 12000, 48000, '2021-11-19 08:40:14', '2021-11-19 08:40:14'),
(369, 317, 2, 3, 8000, 24000, '2021-11-19 08:40:14', '2021-11-19 08:40:14'),
(370, 317, 25, 2, 14000, 28000, '2021-11-19 08:40:14', '2021-11-19 08:40:14'),
(371, 318, 1, 4, 12000, 48000, '2021-11-19 08:41:55', '2021-11-19 08:41:55'),
(372, 318, 2, 3, 8000, 24000, '2021-11-19 08:41:55', '2021-11-19 08:41:55'),
(373, 318, 25, 2, 14000, 28000, '2021-11-19 08:41:55', '2021-11-19 08:41:55'),
(374, 319, 25, 2, 14000, 28000, '2021-11-19 08:47:59', '2021-11-19 08:47:59'),
(375, 319, 1, 1, 12000, 12000, '2021-11-19 08:47:59', '2021-11-19 08:47:59'),
(376, 320, 2, 2, 8000, 16000, '2021-11-19 08:48:39', '2021-11-19 08:48:39'),
(377, 321, 25, 2, 14000, 28000, '2021-11-19 08:50:40', '2021-11-19 08:50:40'),
(378, 321, 2, 1, 8000, 8000, '2021-11-19 08:50:40', '2021-11-19 08:50:40'),
(379, 321, 1, 2, 12000, 24000, '2021-11-19 08:50:40', '2021-11-19 08:50:40'),
(380, 322, 2, 1, 8000, 8000, '2021-11-19 08:53:21', '2021-11-19 08:53:21'),
(381, 322, 25, 3, 14000, 42000, '2021-11-19 08:53:21', '2021-11-19 08:53:21'),
(382, 323, 1, 3, 12000, 36000, '2021-11-19 17:03:50', '2021-11-19 17:03:50'),
(383, 323, 25, 2, 14000, 28000, '2021-11-19 17:03:50', '2021-11-19 17:03:50'),
(384, 323, 2, 2, 8000, 16000, '2021-11-19 17:03:50', '2021-11-19 17:03:50'),
(385, 324, 25, 3, 14000, 42000, '2021-11-19 18:56:12', '2021-11-19 18:56:12'),
(386, 324, 2, 4, 8000, 32000, '2021-11-19 18:56:12', '2021-11-19 18:56:12'),
(387, 324, 1, 3, 12000, 36000, '2021-11-19 18:56:12', '2021-11-19 18:56:12'),
(388, 325, 2, 2, 8000, 16000, '2021-11-19 18:56:50', '2021-11-19 18:56:50'),
(389, 326, 2, 2, 8000, 16000, '2021-11-19 18:58:31', '2021-11-19 18:58:31'),
(390, 326, 25, 1, 14000, 14000, '2021-11-19 18:58:31', '2021-11-19 18:58:31'),
(391, 327, 2, 2, 8000, 16000, '2021-11-19 22:37:14', '2021-11-19 22:37:14'),
(392, 327, 1, 2, 12000, 24000, '2021-11-19 22:37:14', '2021-11-19 22:37:14'),
(393, 327, 25, 5, 14000, 70000, '2021-11-19 22:37:14', '2021-11-19 22:37:14'),
(394, 328, 2, 1, 8000, 8000, '2021-11-19 22:57:33', '2021-11-19 22:57:33'),
(395, 328, 25, 3, 14000, 42000, '2021-11-19 22:57:33', '2021-11-19 22:57:33'),
(396, 329, 2, 2, 8000, 16000, '2021-11-19 23:16:17', '2021-11-19 23:16:17'),
(397, 329, 1, 4, 12000, 48000, '2021-11-19 23:16:17', '2021-11-19 23:16:17'),
(398, 329, 25, 4, 14000, 56000, '2021-11-19 23:16:17', '2021-11-19 23:16:17'),
(399, 330, 2, 3, 8000, 24000, '2021-11-20 03:28:13', '2021-11-20 03:28:13'),
(400, 330, 1, 2, 12000, 24000, '2021-11-20 03:28:13', '2021-11-20 03:28:13'),
(401, 330, 25, 3, 14000, 42000, '2021-11-20 03:28:13', '2021-11-20 03:28:13'),
(402, 331, 1, 2, 12000, 24000, '2021-11-20 03:34:54', '2021-11-20 03:34:54'),
(403, 331, 25, 3, 14000, 42000, '2021-11-20 03:34:54', '2021-11-20 03:34:54'),
(404, 331, 2, 3, 8000, 24000, '2021-11-20 03:34:54', '2021-11-20 03:34:54'),
(405, 332, 1, 4, 12000, 48000, '2021-11-20 03:37:04', '2021-11-20 03:37:04'),
(406, 332, 2, 3, 8000, 24000, '2021-11-20 03:37:04', '2021-11-20 03:37:04'),
(407, 332, 25, 2, 14000, 28000, '2021-11-20 03:37:04', '2021-11-20 03:37:04'),
(408, 333, 1, 2, 12000, 24000, '2021-11-20 03:38:41', '2021-11-20 03:38:41'),
(409, 334, 25, 3, 14000, 42000, '2021-11-20 03:47:10', '2021-11-20 03:47:10'),
(410, 334, 1, 4, 12000, 48000, '2021-11-20 03:47:10', '2021-11-20 03:47:10'),
(411, 335, 2, 3, 8000, 24000, '2021-11-20 04:32:10', '2021-11-20 04:32:10'),
(412, 335, 1, 1, 12000, 12000, '2021-11-20 04:32:10', '2021-11-20 04:32:10'),
(413, 336, 25, 3, 14000, 42000, '2021-11-20 04:32:28', '2021-11-20 04:32:28'),
(414, 337, 2, 3, 8000, 24000, '2021-11-20 04:32:48', '2021-11-20 04:32:48'),
(415, 337, 1, 2, 12000, 24000, '2021-11-20 04:32:48', '2021-11-20 04:32:48'),
(416, 338, 25, 1, 14000, 14000, '2021-11-20 04:33:14', '2021-11-20 04:33:14'),
(417, 338, 2, 3, 8000, 24000, '2021-11-20 04:33:14', '2021-11-20 04:33:14'),
(418, 338, 1, 1, 12000, 12000, '2021-11-20 04:33:14', '2021-11-20 04:33:14'),
(419, 339, 25, 3, 14000, 42000, '2021-11-20 04:45:00', '2021-11-20 04:45:00'),
(420, 339, 2, 1, 8000, 8000, '2021-11-20 04:45:01', '2021-11-20 04:45:01'),
(421, 340, 25, 1, 14000, 14000, '2021-11-21 03:00:56', '2021-11-21 03:00:56'),
(422, 340, 1, 2, 12000, 24000, '2021-11-21 03:00:56', '2021-11-21 03:00:56'),
(423, 341, 2, 2, 8000, 16000, '2021-11-21 03:18:07', '2021-11-21 03:18:07'),
(424, 341, 1, 3, 12000, 36000, '2021-11-21 03:18:07', '2021-11-21 03:18:07'),
(425, 342, 2, 2, 8000, 16000, '2021-11-21 06:05:48', '2021-11-21 06:05:48'),
(426, 342, 25, 1, 14000, 14000, '2021-11-21 06:05:48', '2021-11-21 06:05:48'),
(427, 343, 25, 1, 14000, 14000, '2021-11-22 03:19:48', '2021-11-22 03:19:48'),
(428, 343, 1, 1, 12000, 12000, '2021-11-22 03:19:48', '2021-11-22 03:19:48'),
(429, 343, 2, 3, 8000, 24000, '2021-11-22 03:19:48', '2021-11-22 03:19:48'),
(430, 344, 29, 1, 25000, 25000, '2021-11-22 15:55:45', '2021-11-22 15:55:45'),
(431, 345, 28, 3, 5000, 15000, '2021-11-24 00:09:23', '2021-11-24 00:09:23'),
(432, 346, 28, 2, 5000, 10000, '2021-11-24 00:42:49', '2021-11-24 00:42:49'),
(433, 347, 1, 2, 12000, 24000, '2021-11-24 06:27:07', '2021-11-24 06:27:07'),
(434, 348, 29, 1, 25000, 25000, '2021-11-24 16:18:56', '2021-11-24 16:18:56'),
(435, 349, 28, 4, 5000, 20000, '2021-11-26 00:55:36', '2021-11-26 00:55:36'),
(436, 349, 29, 2, 25000, 50000, '2021-11-26 00:55:36', '2021-11-26 00:55:36'),
(437, 349, 25, 4, 14000, 56000, '2021-11-26 00:55:36', '2021-11-26 00:55:36'),
(438, 349, 1, 7, 12000, 84000, '2021-11-26 00:55:36', '2021-11-26 00:55:36'),
(439, 350, 1, 1, 12000, 12000, '2021-11-30 13:33:39', '2021-11-30 13:33:39'),
(440, 350, 25, 2, 14000, 28000, '2021-11-30 13:33:39', '2021-11-30 13:33:39'),
(441, 351, 1, 1, 12000, 12000, '2021-11-30 13:41:03', '2021-11-30 13:41:03'),
(442, 352, 1, 37, 12000, 444000, '2021-12-03 00:15:04', '2021-12-03 00:15:04'),
(443, 353, 25, 2, 14000, 28000, '2021-12-03 02:57:03', '2021-12-03 02:57:03'),
(444, 353, 28, 1, 5000, 5000, '2021-12-03 02:57:03', '2021-12-03 02:57:03'),
(445, 354, 25, 33, 14000, 462000, '2021-12-03 03:09:20', '2021-12-03 03:09:20'),
(446, 354, 1, 1, 12000, 12000, '2021-12-03 03:09:20', '2021-12-03 03:09:20'),
(449, 357, 1, 2, 12000, 24000, '2021-12-03 15:18:19', '2021-12-03 15:18:19'),
(450, 357, 25, 3, 14000, 42000, '2021-12-03 15:18:19', '2021-12-03 15:18:19'),
(451, 357, 28, 7, 5000, 35000, '2021-12-03 15:18:19', '2021-12-03 15:18:19'),
(452, 358, 1, 3, 12000, 36000, '2021-12-03 15:20:23', '2021-12-03 15:20:23'),
(453, 358, 25, 5, 14000, 70000, '2021-12-03 15:20:23', '2021-12-03 15:20:23'),
(454, 359, 1, 3, 12000, 36000, '2021-12-03 15:26:41', '2021-12-03 15:26:41'),
(455, 359, 25, 5, 14000, 70000, '2021-12-03 15:26:41', '2021-12-03 15:26:41'),
(456, 359, 28, 7, 5000, 35000, '2021-12-03 15:26:41', '2021-12-03 15:26:41'),
(457, 360, 1, 38, 12000, 456000, '2021-12-03 17:35:59', '2021-12-03 17:35:59'),
(458, 361, 25, 1, 14000, 14000, '2021-12-08 18:09:02', '2021-12-08 18:09:02'),
(459, 361, 28, 4, 5000, 20000, '2021-12-08 18:09:02', '2021-12-08 18:09:02'),
(460, 361, 1, 3, 12000, 36000, '2021-12-08 18:09:02', '2021-12-08 18:09:02');

-- --------------------------------------------------------

--
-- Estructura de tabla para la tabla `empleados`
--

CREATE TABLE `empleados` (
  `id` bigint(20) UNSIGNED NOT NULL,
  `nombre` varchar(30) COLLATE utf8mb4_unicode_ci NOT NULL,
  `id_usuario` bigint(20) UNSIGNED NOT NULL,
  `contacto` varchar(20) COLLATE utf8mb4_unicode_ci NOT NULL,
  `created_at` timestamp NULL DEFAULT NULL,
  `updated_at` timestamp NULL DEFAULT NULL
) ENGINE=InnoDB DEFAULT CHARSET=utf8mb4 COLLATE=utf8mb4_unicode_ci;

-- --------------------------------------------------------

--
-- Estructura de tabla para la tabla `failed_jobs`
--

CREATE TABLE `failed_jobs` (
  `id` bigint(20) UNSIGNED NOT NULL,
  `uuid` varchar(191) COLLATE utf8mb4_unicode_ci NOT NULL,
  `connection` text COLLATE utf8mb4_unicode_ci NOT NULL,
  `queue` text COLLATE utf8mb4_unicode_ci NOT NULL,
  `payload` longtext COLLATE utf8mb4_unicode_ci NOT NULL,
  `exception` longtext COLLATE utf8mb4_unicode_ci NOT NULL,
  `failed_at` timestamp NOT NULL DEFAULT current_timestamp()
) ENGINE=InnoDB DEFAULT CHARSET=utf8mb4 COLLATE=utf8mb4_unicode_ci;

-- --------------------------------------------------------

--
-- Estructura de tabla para la tabla `fechaestados`
--

CREATE TABLE `fechaestados` (
  `id` bigint(20) UNSIGNED NOT NULL,
  `id_venta` bigint(20) UNSIGNED NOT NULL,
  `estado` varchar(255) NOT NULL DEFAULT '0',
  `fecha` datetime NOT NULL,
  `created_at` timestamp NULL DEFAULT NULL,
  `updated_at` timestamp NULL DEFAULT NULL
) ENGINE=InnoDB DEFAULT CHARSET=utf8mb4;

--
-- Volcado de datos para la tabla `fechaestados`
--

INSERT INTO `fechaestados` (`id`, `id_venta`, `estado`, `fecha`, `created_at`, `updated_at`) VALUES
(29, 124, '0', '2021-11-08 00:55:57', '2021-11-08 05:55:57', '2021-11-08 05:55:57'),
(30, 125, '0', '2021-11-08 00:56:26', '2021-11-08 05:56:26', '2021-11-08 05:56:26'),
(31, 126, '0', '2021-11-08 00:57:49', '2021-11-08 05:57:49', '2021-11-08 05:57:49'),
(32, 125, '1', '2021-11-08 07:19:04', '2021-11-08 12:19:04', '2021-11-08 12:19:04'),
(33, 124, '1', '2021-11-08 07:19:11', '2021-11-08 12:19:11', '2021-11-08 12:19:11'),
(34, 124, '2', '2021-11-08 07:19:13', '2021-11-08 12:19:13', '2021-11-08 12:19:13'),
(35, 229, '0', '2021-11-08 22:25:26', '2021-11-09 03:25:26', '2021-11-09 03:25:26'),
(36, 229, '1', '2021-11-08 22:25:33', '2021-11-09 03:25:33', '2021-11-09 03:25:33'),
(37, 229, '3', '2021-11-08 22:25:55', '2021-11-09 03:25:55', '2021-11-09 03:25:55'),
(38, 230, '0', '2021-11-09 10:28:30', '2021-11-09 15:28:30', '2021-11-09 15:28:30'),
(39, 230, '1', '2021-11-09 10:28:51', '2021-11-09 15:28:51', '2021-11-09 15:28:51'),
(40, 230, '2', '2021-11-09 10:28:53', '2021-11-09 15:28:53', '2021-11-09 15:28:53'),
(41, 230, '3', '2021-11-09 10:28:54', '2021-11-09 15:28:54', '2021-11-09 15:28:54'),
(42, 231, '0', '2021-11-09 10:29:41', '2021-11-09 15:29:41', '2021-11-09 15:29:41'),
(43, 230, '3', '2021-11-09 22:24:33', '2021-11-10 03:24:33', '2021-11-10 03:24:33'),
(44, 230, '3', '2021-11-09 22:25:55', '2021-11-10 03:25:55', '2021-11-10 03:25:55'),
(45, 230, '3', '2021-11-09 22:26:16', '2021-11-10 03:26:16', '2021-11-10 03:26:16'),
(46, 233, '0', '2021-11-11 10:04:45', '2021-11-11 15:04:45', '2021-11-11 15:04:45'),
(47, 233, '0', '2021-11-11 10:05:07', '2021-11-11 15:05:07', '2021-11-11 15:05:07'),
(48, 234, '0', '2021-11-11 10:05:59', '2021-11-11 15:05:59', '2021-11-11 15:05:59'),
(49, 229, '4', '2021-11-11 10:07:57', '2021-11-11 15:07:57', '2021-11-11 15:07:57'),
(50, 125, '4', '2021-11-11 10:08:27', '2021-11-11 15:08:27', '2021-11-11 15:08:27'),
(51, 235, '0', '2021-11-11 10:09:59', '2021-11-11 15:09:59', '2021-11-11 15:09:59'),
(52, 124, '3', '2021-11-17 11:12:13', '2021-11-17 16:12:13', '2021-11-17 16:12:13'),
(53, 233, '1', '2021-11-17 11:13:07', '2021-11-17 16:13:07', '2021-11-17 16:13:07'),
(54, 233, '2', '2021-11-17 11:13:19', '2021-11-17 16:13:19', '2021-11-17 16:13:19'),
(55, 238, '0', '2021-11-17 11:15:33', '2021-11-17 16:15:34', '2021-11-17 16:15:34'),
(56, 239, '0', '2021-11-18 10:46:06', '2021-11-18 15:46:07', '2021-11-18 15:46:07'),
(57, 239, '1', '2021-11-18 11:44:22', '2021-11-18 16:44:22', '2021-11-18 16:44:22'),
(58, 240, '0', '2021-11-18 19:19:24', '2021-11-19 00:19:25', '2021-11-19 00:19:25'),
(59, 241, '0', '2021-11-18 19:20:58', '2021-11-19 00:20:58', '2021-11-19 00:20:58'),
(60, 242, '0', '2021-11-18 19:22:10', '2021-11-19 00:22:10', '2021-11-19 00:22:10'),
(61, 243, '0', '2021-11-18 19:23:18', '2021-11-19 00:23:18', '2021-11-19 00:23:18'),
(62, 244, '0', '2021-11-18 19:53:17', '2021-11-19 00:53:17', '2021-11-19 00:53:17'),
(63, 245, '0', '2021-11-18 19:54:07', '2021-11-19 00:54:07', '2021-11-19 00:54:07'),
(64, 246, '0', '2021-11-18 19:54:55', '2021-11-19 00:54:55', '2021-11-19 00:54:55'),
(65, 247, '0', '2021-11-18 19:55:31', '2021-11-19 00:55:31', '2021-11-19 00:55:31'),
(66, 248, '0', '2021-11-18 19:56:48', '2021-11-19 00:56:49', '2021-11-19 00:56:49'),
(67, 249, '0', '2021-11-18 19:57:25', '2021-11-19 00:57:25', '2021-11-19 00:57:25'),
(68, 250, '0', '2021-11-18 19:57:46', '2021-11-19 00:57:46', '2021-11-19 00:57:46'),
(69, 251, '0', '2021-11-18 20:11:15', '2021-11-19 01:11:15', '2021-11-19 01:11:15'),
(70, 252, '0', '2021-11-18 20:27:42', '2021-11-19 01:27:42', '2021-11-19 01:27:42'),
(71, 253, '0', '2021-11-18 20:28:21', '2021-11-19 01:28:21', '2021-11-19 01:28:21'),
(72, 254, '0', '2021-11-18 20:32:29', '2021-11-19 01:32:29', '2021-11-19 01:32:29'),
(73, 255, '0', '2021-11-18 20:41:26', '2021-11-19 01:41:27', '2021-11-19 01:41:27'),
(74, 256, '0', '2021-11-18 20:43:48', '2021-11-19 01:43:48', '2021-11-19 01:43:48'),
(75, 257, '0', '2021-11-18 20:44:51', '2021-11-19 01:44:51', '2021-11-19 01:44:51'),
(76, 258, '0', '2021-11-19 00:55:57', '2021-11-19 05:55:57', '2021-11-19 05:55:57'),
(77, 259, '0', '2021-11-19 00:57:30', '2021-11-19 05:57:30', '2021-11-19 05:57:30'),
(78, 260, '0', '2021-11-19 00:58:58', '2021-11-19 05:58:58', '2021-11-19 05:58:58'),
(79, 269, '0', '2021-11-19 01:13:03', '2021-11-19 06:13:03', '2021-11-19 06:13:03'),
(80, 273, '0', '2021-11-19 01:19:49', '2021-11-19 06:19:49', '2021-11-19 06:19:49'),
(81, 274, '0', '2021-11-19 01:25:50', '2021-11-19 06:25:50', '2021-11-19 06:25:50'),
(82, 275, '0', '2021-11-19 01:27:21', '2021-11-19 06:27:21', '2021-11-19 06:27:21'),
(83, 276, '0', '2021-11-19 01:33:05', '2021-11-19 06:33:05', '2021-11-19 06:33:05'),
(84, 277, '0', '2021-11-19 01:43:30', '2021-11-19 06:43:30', '2021-11-19 06:43:30'),
(85, 278, '0', '2021-11-19 01:45:25', '2021-11-19 06:45:25', '2021-11-19 06:45:25'),
(86, 279, '0', '2021-11-19 01:47:06', '2021-11-19 06:47:06', '2021-11-19 06:47:06'),
(87, 280, '0', '2021-11-19 01:49:17', '2021-11-19 06:49:17', '2021-11-19 06:49:17'),
(88, 281, '0', '2021-11-19 01:50:04', '2021-11-19 06:50:04', '2021-11-19 06:50:04'),
(89, 282, '0', '2021-11-19 01:56:52', '2021-11-19 06:56:52', '2021-11-19 06:56:52'),
(90, 283, '0', '2021-11-19 02:00:23', '2021-11-19 07:00:23', '2021-11-19 07:00:23'),
(91, 284, '0', '2021-11-19 02:01:03', '2021-11-19 07:01:03', '2021-11-19 07:01:03'),
(92, 285, '0', '2021-11-19 02:01:21', '2021-11-19 07:01:21', '2021-11-19 07:01:21'),
(93, 286, '0', '2021-11-19 02:04:52', '2021-11-19 07:04:52', '2021-11-19 07:04:52'),
(94, 287, '0', '2021-11-19 02:09:09', '2021-11-19 07:09:09', '2021-11-19 07:09:09'),
(95, 288, '0', '2021-11-19 02:11:47', '2021-11-19 07:11:47', '2021-11-19 07:11:47'),
(96, 289, '0', '2021-11-19 02:12:10', '2021-11-19 07:12:10', '2021-11-19 07:12:10'),
(97, 290, '0', '2021-11-19 02:14:36', '2021-11-19 07:14:36', '2021-11-19 07:14:36'),
(98, 291, '0', '2021-11-19 02:14:55', '2021-11-19 07:14:55', '2021-11-19 07:14:55'),
(99, 292, '0', '2021-11-19 02:15:16', '2021-11-19 07:15:16', '2021-11-19 07:15:16'),
(100, 293, '0', '2021-11-19 02:16:21', '2021-11-19 07:16:21', '2021-11-19 07:16:21'),
(101, 294, '0', '2021-11-19 02:16:49', '2021-11-19 07:16:49', '2021-11-19 07:16:49'),
(102, 295, '0', '2021-11-19 02:24:05', '2021-11-19 07:24:05', '2021-11-19 07:24:05'),
(103, 296, '0', '2021-11-19 02:30:32', '2021-11-19 07:30:32', '2021-11-19 07:30:32'),
(104, 297, '0', '2021-11-19 02:36:57', '2021-11-19 07:36:57', '2021-11-19 07:36:57'),
(105, 298, '0', '2021-11-19 02:37:29', '2021-11-19 07:37:29', '2021-11-19 07:37:29'),
(106, 299, '0', '2021-11-19 02:39:25', '2021-11-19 07:39:25', '2021-11-19 07:39:25'),
(107, 300, '0', '2021-11-19 02:39:59', '2021-11-19 07:39:59', '2021-11-19 07:39:59'),
(108, 301, '0', '2021-11-19 02:46:26', '2021-11-19 07:46:26', '2021-11-19 07:46:26'),
(109, 302, '0', '2021-11-19 02:51:07', '2021-11-19 07:51:07', '2021-11-19 07:51:07'),
(110, 303, '0', '2021-11-19 02:55:43', '2021-11-19 07:55:43', '2021-11-19 07:55:43'),
(111, 304, '0', '2021-11-19 02:57:42', '2021-11-19 07:57:42', '2021-11-19 07:57:42'),
(112, 305, '0', '2021-11-19 02:58:43', '2021-11-19 07:58:43', '2021-11-19 07:58:43'),
(113, 306, '0', '2021-11-19 02:59:49', '2021-11-19 07:59:49', '2021-11-19 07:59:49'),
(114, 307, '0', '2021-11-19 03:00:34', '2021-11-19 08:00:34', '2021-11-19 08:00:34'),
(115, 308, '0', '2021-11-19 03:02:54', '2021-11-19 08:02:54', '2021-11-19 08:02:54'),
(116, 309, '0', '2021-11-19 03:05:05', '2021-11-19 08:05:05', '2021-11-19 08:05:05'),
(117, 310, '0', '2021-11-19 03:07:30', '2021-11-19 08:07:30', '2021-11-19 08:07:30'),
(118, 311, '0', '2021-11-19 03:07:54', '2021-11-19 08:07:54', '2021-11-19 08:07:54'),
(119, 312, '0', '2021-11-19 03:11:29', '2021-11-19 08:11:29', '2021-11-19 08:11:29'),
(120, 313, '0', '2021-11-19 03:25:57', '2021-11-19 08:25:57', '2021-11-19 08:25:57'),
(121, 314, '0', '2021-11-19 03:27:31', '2021-11-19 08:27:31', '2021-11-19 08:27:31'),
(122, 315, '0', '2021-11-19 03:31:03', '2021-11-19 08:31:03', '2021-11-19 08:31:03'),
(123, 316, '0', '2021-11-19 03:34:14', '2021-11-19 08:34:14', '2021-11-19 08:34:14'),
(124, 317, '0', '2021-11-19 03:40:14', '2021-11-19 08:40:14', '2021-11-19 08:40:14'),
(125, 318, '0', '2021-11-19 03:41:55', '2021-11-19 08:41:55', '2021-11-19 08:41:55'),
(126, 319, '0', '2021-11-19 03:47:59', '2021-11-19 08:47:59', '2021-11-19 08:47:59'),
(127, 320, '0', '2021-11-19 03:48:39', '2021-11-19 08:48:39', '2021-11-19 08:48:39'),
(128, 321, '0', '2021-11-19 03:50:40', '2021-11-19 08:50:40', '2021-11-19 08:50:40'),
(129, 322, '0', '2021-11-19 03:53:21', '2021-11-19 08:53:21', '2021-11-19 08:53:21'),
(130, 323, '0', '2021-11-19 12:03:50', '2021-11-19 17:03:50', '2021-11-19 17:03:50'),
(131, 324, '0', '2021-11-19 13:56:12', '2021-11-19 18:56:12', '2021-11-19 18:56:12'),
(132, 325, '0', '2021-11-19 13:56:50', '2021-11-19 18:56:50', '2021-11-19 18:56:50'),
(133, 239, '4', '2021-11-19 13:57:56', '2021-11-19 18:57:56', '2021-11-19 18:57:56'),
(134, 326, '0', '2021-11-19 13:58:31', '2021-11-19 18:58:31', '2021-11-19 18:58:31'),
(135, 326, '1', '2021-11-19 13:58:37', '2021-11-19 18:58:37', '2021-11-19 18:58:37'),
(136, 326, '2', '2021-11-19 14:09:56', '2021-11-19 19:09:56', '2021-11-19 19:09:56'),
(137, 326, '0', '2021-11-19 14:10:13', '2021-11-19 19:10:13', '2021-11-19 19:10:13'),
(138, 326, '1', '2021-11-19 14:10:41', '2021-11-19 19:10:41', '2021-11-19 19:10:41'),
(139, 327, '0', '2021-11-19 17:37:14', '2021-11-19 22:37:14', '2021-11-19 22:37:14'),
(140, 328, '0', '2021-11-19 17:57:33', '2021-11-19 22:57:33', '2021-11-19 22:57:33'),
(141, 328, '1', '2021-11-19 17:59:59', '2021-11-19 22:59:59', '2021-11-19 22:59:59'),
(142, 328, '2', '2021-11-19 18:00:06', '2021-11-19 23:00:06', '2021-11-19 23:00:06'),
(143, 328, '3', '2021-11-19 18:00:08', '2021-11-19 23:00:08', '2021-11-19 23:00:08'),
(144, 328, '0', '2021-11-19 18:00:16', '2021-11-19 23:00:16', '2021-11-19 23:00:16'),
(145, 328, '1', '2021-11-19 18:00:45', '2021-11-19 23:00:45', '2021-11-19 23:00:45'),
(146, 328, '2', '2021-11-19 18:01:16', '2021-11-19 23:01:16', '2021-11-19 23:01:16'),
(147, 328, '0', '2021-11-19 18:02:42', '2021-11-19 23:02:42', '2021-11-19 23:02:42'),
(148, 328, '1', '2021-11-19 18:03:46', '2021-11-19 23:03:46', '2021-11-19 23:03:46'),
(149, 328, '2', '2021-11-19 18:04:02', '2021-11-19 23:04:02', '2021-11-19 23:04:02'),
(150, 328, '0', '2021-11-19 18:04:08', '2021-11-19 23:04:08', '2021-11-19 23:04:08'),
(151, 328, '1', '2021-11-19 18:05:01', '2021-11-19 23:05:01', '2021-11-19 23:05:01'),
(152, 328, '2', '2021-11-19 18:05:53', '2021-11-19 23:05:53', '2021-11-19 23:05:53'),
(153, 328, '0', '2021-11-19 18:06:10', '2021-11-19 23:06:10', '2021-11-19 23:06:10'),
(154, 328, '1', '2021-11-19 18:08:01', '2021-11-19 23:08:01', '2021-11-19 23:08:01'),
(155, 328, '2', '2021-11-19 18:12:05', '2021-11-19 23:12:05', '2021-11-19 23:12:05'),
(156, 328, '3', '2021-11-19 18:12:25', '2021-11-19 23:12:25', '2021-11-19 23:12:25'),
(157, 329, '0', '2021-11-19 18:16:17', '2021-11-19 23:16:17', '2021-11-19 23:16:17'),
(158, 329, '1', '2021-11-19 18:22:27', '2021-11-19 23:22:27', '2021-11-19 23:22:27'),
(159, 329, '2', '2021-11-19 18:22:40', '2021-11-19 23:22:40', '2021-11-19 23:22:40'),
(160, 329, '0', '2021-11-19 18:22:47', '2021-11-19 23:22:47', '2021-11-19 23:22:47'),
(161, 329, '1', '2021-11-19 18:25:13', '2021-11-19 23:25:13', '2021-11-19 23:25:13'),
(162, 329, '2', '2021-11-19 18:25:44', '2021-11-19 23:25:44', '2021-11-19 23:25:44'),
(163, 329, '3', '2021-11-19 18:25:46', '2021-11-19 23:25:46', '2021-11-19 23:25:46'),
(164, 329, '0', '2021-11-19 18:25:52', '2021-11-19 23:25:52', '2021-11-19 23:25:52'),
(165, 329, '1', '2021-11-19 18:26:33', '2021-11-19 23:26:33', '2021-11-19 23:26:33'),
(166, 329, '0', '2021-11-19 18:26:42', '2021-11-19 23:26:42', '2021-11-19 23:26:42'),
(167, 329, '1', '2021-11-19 18:27:02', '2021-11-19 23:27:02', '2021-11-19 23:27:02'),
(168, 329, '2', '2021-11-19 22:18:39', '2021-11-20 03:18:39', '2021-11-20 03:18:39'),
(169, 329, '3', '2021-11-19 22:18:42', '2021-11-20 03:18:42', '2021-11-20 03:18:42'),
(170, 329, '0', '2021-11-19 22:18:49', '2021-11-20 03:18:49', '2021-11-20 03:18:49'),
(171, 329, '1', '2021-11-19 22:22:44', '2021-11-20 03:22:44', '2021-11-20 03:22:44'),
(172, 329, '2', '2021-11-19 22:22:47', '2021-11-20 03:22:47', '2021-11-20 03:22:47'),
(173, 329, '0', '2021-11-19 22:22:54', '2021-11-20 03:22:54', '2021-11-20 03:22:54'),
(174, 329, '1', '2021-11-19 22:26:50', '2021-11-20 03:26:50', '2021-11-20 03:26:50'),
(175, 330, '0', '2021-11-19 22:28:13', '2021-11-20 03:28:13', '2021-11-20 03:28:13'),
(176, 330, '1', '2021-11-19 22:28:20', '2021-11-20 03:28:20', '2021-11-20 03:28:20'),
(177, 330, '0', '2021-11-19 22:28:27', '2021-11-20 03:28:27', '2021-11-20 03:28:27'),
(178, 330, '1', '2021-11-19 22:29:45', '2021-11-20 03:29:45', '2021-11-20 03:29:45'),
(179, 330, '2', '2021-11-19 22:34:17', '2021-11-20 03:34:17', '2021-11-20 03:34:17'),
(180, 331, '0', '2021-11-19 22:34:54', '2021-11-20 03:34:54', '2021-11-20 03:34:54'),
(181, 332, '0', '2021-11-19 22:37:04', '2021-11-20 03:37:04', '2021-11-20 03:37:04'),
(182, 331, '1', '2021-11-19 22:37:09', '2021-11-20 03:37:09', '2021-11-20 03:37:09'),
(183, 332, '1', '2021-11-19 22:38:22', '2021-11-20 03:38:22', '2021-11-20 03:38:22'),
(184, 333, '0', '2021-11-19 22:38:41', '2021-11-20 03:38:41', '2021-11-20 03:38:41'),
(185, 333, '1', '2021-11-19 22:42:48', '2021-11-20 03:42:48', '2021-11-20 03:42:48'),
(186, 334, '0', '2021-11-19 22:47:10', '2021-11-20 03:47:10', '2021-11-20 03:47:10'),
(187, 334, '1', '2021-11-19 22:52:51', '2021-11-20 03:52:51', '2021-11-20 03:52:51'),
(188, 334, '2', '2021-11-19 23:08:48', '2021-11-20 04:08:48', '2021-11-20 04:08:48'),
(189, 334, '3', '2021-11-19 23:08:49', '2021-11-20 04:08:49', '2021-11-20 04:08:49'),
(190, 334, '0', '2021-11-19 23:11:00', '2021-11-20 04:11:00', '2021-11-20 04:11:00'),
(191, 334, '1', '2021-11-19 23:11:11', '2021-11-20 04:11:11', '2021-11-20 04:11:11'),
(192, 334, '0', '2021-11-19 23:11:27', '2021-11-20 04:11:27', '2021-11-20 04:11:27'),
(193, 334, '1', '2021-11-19 23:11:46', '2021-11-20 04:11:46', '2021-11-20 04:11:46'),
(194, 334, '2', '2021-11-19 23:11:55', '2021-11-20 04:11:55', '2021-11-20 04:11:55'),
(195, 334, '0', '2021-11-19 23:31:23', '2021-11-20 04:31:23', '2021-11-20 04:31:23'),
(196, 334, '1', '2021-11-19 23:31:32', '2021-11-20 04:31:32', '2021-11-20 04:31:32'),
(197, 334, '4', '2021-11-19 23:31:36', '2021-11-20 04:31:36', '2021-11-20 04:31:36'),
(198, 335, '0', '2021-11-19 23:32:10', '2021-11-20 04:32:10', '2021-11-20 04:32:10'),
(199, 336, '0', '2021-11-19 23:32:28', '2021-11-20 04:32:28', '2021-11-20 04:32:28'),
(200, 337, '0', '2021-11-19 23:32:48', '2021-11-20 04:32:48', '2021-11-20 04:32:48'),
(201, 338, '0', '2021-11-19 23:33:14', '2021-11-20 04:33:14', '2021-11-20 04:33:14'),
(202, 338, '4', '2021-11-19 23:33:22', '2021-11-20 04:33:22', '2021-11-20 04:33:22'),
(203, 337, '4', '2021-11-19 23:33:24', '2021-11-20 04:33:24', '2021-11-20 04:33:24'),
(204, 336, '4', '2021-11-19 23:34:40', '2021-11-20 04:34:40', '2021-11-20 04:34:40'),
(205, 335, '0', '2021-11-19 23:40:09', '2021-11-20 04:40:09', '2021-11-20 04:40:09'),
(206, 335, '1', '2021-11-19 23:40:18', '2021-11-20 04:40:18', '2021-11-20 04:40:18'),
(207, 335, '2', '2021-11-19 23:42:33', '2021-11-20 04:42:33', '2021-11-20 04:42:33'),
(208, 335, '3', '2021-11-19 23:44:09', '2021-11-20 04:44:09', '2021-11-20 04:44:09'),
(209, 335, '4', '2021-11-19 23:44:15', '2021-11-20 04:44:15', '2021-11-20 04:44:15'),
(210, 339, '0', '2021-11-19 23:45:00', '2021-11-20 04:45:01', '2021-11-20 04:45:01'),
(211, 339, '1', '2021-11-20 20:00:39', '2021-11-21 01:00:39', '2021-11-21 01:00:39'),
(212, 340, '0', '2021-11-20 22:00:56', '2021-11-21 03:00:56', '2021-11-21 03:00:56'),
(213, 341, '0', '2021-11-20 22:18:07', '2021-11-21 03:18:07', '2021-11-21 03:18:07'),
(214, 342, '0', '2021-11-21 01:05:48', '2021-11-21 06:05:48', '2021-11-21 06:05:48'),
(215, 343, '0', '2021-11-21 22:19:48', '2021-11-22 03:19:48', '2021-11-22 03:19:48'),
(216, 339, '1', '2021-11-21 23:09:46', '2021-11-22 04:09:46', '2021-11-22 04:09:46'),
(217, 339, '2', '2021-11-21 23:53:12', '2021-11-22 04:53:12', '2021-11-22 04:53:12'),
(218, 339, '3', '2021-11-21 23:53:13', '2021-11-22 04:53:13', '2021-11-22 04:53:13'),
(219, 339, '4', '2021-11-22 01:00:57', '2021-11-22 06:00:57', '2021-11-22 06:00:57'),
(220, 343, '0', '2021-11-22 01:01:24', '2021-11-22 06:01:24', '2021-11-22 06:01:24'),
(221, 343, '1', '2021-11-22 01:01:31', '2021-11-22 06:01:31', '2021-11-22 06:01:31'),
(222, 343, '2', '2021-11-22 01:02:15', '2021-11-22 06:02:15', '2021-11-22 06:02:15'),
(223, 344, '0', '2021-11-22 10:55:45', '2021-11-22 15:55:45', '2021-11-22 15:55:45'),
(224, 340, '1', '2021-11-22 10:58:58', '2021-11-22 15:58:58', '2021-11-22 15:58:58'),
(225, 340, '2', '2021-11-22 10:59:00', '2021-11-22 15:59:00', '2021-11-22 15:59:00'),
(226, 340, '3', '2021-11-22 10:59:03', '2021-11-22 15:59:03', '2021-11-22 15:59:03'),
(227, 340, '4', '2021-11-22 10:59:29', '2021-11-22 15:59:29', '2021-11-22 15:59:29'),
(228, 343, '3', '2021-11-22 11:00:14', '2021-11-22 16:00:14', '2021-11-22 16:00:14'),
(229, 345, '0', '2021-11-23 19:09:23', '2021-11-24 00:09:23', '2021-11-24 00:09:23'),
(230, 346, '0', '2021-11-23 19:42:49', '2021-11-24 00:42:49', '2021-11-24 00:42:49'),
(231, 347, '0', '2021-11-24 01:27:07', '2021-11-24 06:27:07', '2021-11-24 06:27:07'),
(232, 343, '4', '2021-11-24 01:54:49', '2021-11-24 06:54:49', '2021-11-24 06:54:49'),
(233, 346, '1', '2021-11-24 01:55:07', '2021-11-24 06:55:07', '2021-11-24 06:55:07'),
(234, 346, '3', '2021-11-24 01:55:24', '2021-11-24 06:55:24', '2021-11-24 06:55:24'),
(235, 345, '2', '2021-11-24 01:55:42', '2021-11-24 06:55:42', '2021-11-24 06:55:42'),
(236, 345, '3', '2021-11-24 09:57:54', '2021-11-24 14:57:54', '2021-11-24 14:57:54'),
(237, 345, '4', '2021-11-24 10:03:13', '2021-11-24 15:03:13', '2021-11-24 15:03:13'),
(238, 348, '0', '2021-11-24 11:18:56', '2021-11-24 16:18:56', '2021-11-24 16:18:56'),
(239, 347, '1', '2021-11-24 11:19:46', '2021-11-24 16:19:46', '2021-11-24 16:19:46'),
(240, 347, '2', '2021-11-24 11:19:52', '2021-11-24 16:19:53', '2021-11-24 16:19:53'),
(241, 347, '3', '2021-11-24 11:20:00', '2021-11-24 16:20:00', '2021-11-24 16:20:00'),
(242, 347, '4', '2021-11-24 11:20:12', '2021-11-24 16:20:12', '2021-11-24 16:20:12'),
(243, 348, '1', '2021-11-24 11:21:15', '2021-11-24 16:21:15', '2021-11-24 16:21:15'),
(244, 349, '0', '2021-11-25 19:55:36', '2021-11-26 00:55:36', '2021-11-26 00:55:36'),
(245, 349, '1', '2021-11-27 21:15:37', '2021-11-28 02:15:37', '2021-11-28 02:15:37'),
(246, 349, '2', '2021-11-27 21:15:47', '2021-11-28 02:15:47', '2021-11-28 02:15:47'),
(247, 349, '3', '2021-11-27 21:18:45', '2021-11-28 02:18:45', '2021-11-28 02:18:45'),
(248, 350, '0', '2021-11-30 08:33:39', '2021-11-30 13:33:39', '2021-11-30 13:33:39'),
(249, 350, '1', '2021-11-30 08:34:30', '2021-11-30 13:34:30', '2021-11-30 13:34:30'),
(250, 350, '4', '2021-11-30 08:36:01', '2021-11-30 13:36:01', '2021-11-30 13:36:01'),
(251, 351, '0', '2021-11-30 08:41:03', '2021-11-30 13:41:03', '2021-11-30 13:41:03'),
(252, 351, '1', '2021-11-30 08:41:20', '2021-11-30 13:41:20', '2021-11-30 13:41:20'),
(253, 351, '4', '2021-11-30 08:41:27', '2021-11-30 13:41:27', '2021-11-30 13:41:27'),
(254, 352, '0', '2021-12-02 19:15:04', '2021-12-03 00:15:04', '2021-12-03 00:15:04'),
(255, 353, '0', '2021-12-02 21:57:03', '2021-12-03 02:57:03', '2021-12-03 02:57:03'),
(256, 354, '0', '2021-12-02 22:09:20', '2021-12-03 03:09:20', '2021-12-03 03:09:20'),
(257, 357, '0', '2021-12-03 10:18:19', '2021-12-03 15:18:19', '2021-12-03 15:18:19'),
(258, 358, '0', '2021-12-03 10:20:23', '2021-12-03 15:20:23', '2021-12-03 15:20:23'),
(259, 359, '0', '2021-12-03 10:26:41', '2021-12-03 15:26:41', '2021-12-03 15:26:41'),
(260, 360, '0', '2021-12-03 12:35:59', '2021-12-03 17:35:59', '2021-12-03 17:35:59'),
(261, 361, '0', '2021-12-08 13:09:02', '2021-12-08 18:09:02', '2021-12-08 18:09:02');

-- --------------------------------------------------------

--
-- Estructura de tabla para la tabla `funcion`
--

CREATE TABLE `funcion` (
  `id` bigint(20) UNSIGNED NOT NULL,
  `funcion` varchar(30) COLLATE utf8mb4_unicode_ci NOT NULL,
  `modulo` varchar(30) COLLATE utf8mb4_unicode_ci NOT NULL,
  `created_at` timestamp NULL DEFAULT NULL,
  `updated_at` timestamp NULL DEFAULT NULL
) ENGINE=InnoDB DEFAULT CHARSET=utf8mb4 COLLATE=utf8mb4_unicode_ci;

-- --------------------------------------------------------

--
-- Estructura de tabla para la tabla `insumoproductos`
--

CREATE TABLE `insumoproductos` (
  `id` bigint(20) UNSIGNED NOT NULL,
  `id_insumo` bigint(20) UNSIGNED NOT NULL,
  `id_producto` bigint(20) UNSIGNED NOT NULL,
  `cantidad` int(11) NOT NULL,
  `created_at` timestamp NULL DEFAULT NULL,
  `updated_at` timestamp NULL DEFAULT NULL
) ENGINE=InnoDB DEFAULT CHARSET=utf8mb4 COLLATE=utf8mb4_unicode_ci;

--
-- Volcado de datos para la tabla `insumoproductos`
--

INSERT INTO `insumoproductos` (`id`, `id_insumo`, `id_producto`, `cantidad`, `created_at`, `updated_at`) VALUES
(1, 3, 1, 1, NULL, NULL),
(2, 5, 1, 2, NULL, NULL),
(4, 4, 2, 1, '2021-10-14 16:16:52', '2021-10-14 16:16:52'),
(5, 6, 2, 1, '2021-10-14 16:16:52', '2021-10-14 16:16:52'),
(6, 10, 25, 2, '2021-11-09 21:15:48', '2021-11-09 21:15:48'),
(7, 11, 25, 1, '2021-11-09 21:15:48', '2021-11-09 21:15:48'),
(9, 12, 25, 2, '2021-11-09 21:15:48', '2021-11-09 21:15:48'),
(11, 12, 27, 3, '2021-11-17 14:31:26', '2021-11-17 14:31:26'),
(12, 10, 27, 2, '2021-11-17 14:31:26', '2021-11-17 14:31:26'),
(13, 11, 27, 1, '2021-11-17 14:31:26', '2021-11-17 14:31:26'),
(14, 11, 28, 1, '2021-11-22 15:30:25', '2021-11-22 15:30:25'),
(15, 3, 28, 1, '2021-11-22 15:30:25', '2021-11-22 15:30:25'),
(16, 7, 28, 1, '2021-11-22 15:30:25', '2021-11-22 15:30:25'),
(17, 12, 28, 1, '2021-11-22 15:30:25', '2021-11-22 15:30:25'),
(18, 10, 28, 1, '2021-11-22 15:30:25', '2021-11-22 15:30:25'),
(20, 6, 28, 1, '2021-11-22 15:30:25', '2021-11-22 15:30:25'),
(21, 5, 29, 10, '2021-11-22 15:49:56', '2021-11-22 15:49:56'),
(22, 3, 29, 10, '2021-11-22 15:49:56', '2021-11-22 15:49:56'),
(23, 12, 29, 10, '2021-11-22 15:49:56', '2021-11-22 15:49:56');

-- --------------------------------------------------------

--
-- Estructura de tabla para la tabla `insumos`
--

CREATE TABLE `insumos` (
  `id` bigint(20) UNSIGNED NOT NULL,
  `nombre_insumo` varchar(30) COLLATE utf8mb4_unicode_ci NOT NULL,
  `cantidad` int(11) NOT NULL,
  `estado` int(11) NOT NULL DEFAULT 1,
  `created_at` timestamp NULL DEFAULT NULL,
  `updated_at` timestamp NULL DEFAULT NULL
) ENGINE=InnoDB DEFAULT CHARSET=utf8mb4 COLLATE=utf8mb4_unicode_ci;

--
-- Volcado de datos para la tabla `insumos`
--

INSERT INTO `insumos` (`id`, `nombre_insumo`, `cantidad`, `estado`, `created_at`, `updated_at`) VALUES
(3, 'Carne hamburguesa', 61, 1, NULL, '2021-11-30 13:31:56'),
(4, 'Salchicha perro pequeño', 50, 0, '2021-10-14 16:08:03', '2021-11-30 13:29:18'),
(5, 'Pan hamburguesa', 70, 1, NULL, '2021-11-24 16:15:20'),
(6, 'Pan perro grande', 71, 0, '2021-10-14 16:08:43', '2021-11-30 13:28:07'),
(7, 'Pan tajado', 66, 0, '2021-10-27 15:01:18', '2021-11-30 13:27:42'),
(10, 'Salchicha', 85, 0, '2021-11-09 20:24:33', '2021-11-19 23:28:48'),
(11, 'Queso', 73, 0, '2021-11-09 20:25:13', '2021-11-19 23:28:57'),
(12, 'Chorizo', 65, 1, '2021-11-09 20:27:41', '2021-11-24 16:15:20'),
(13, 'Papas grandes', 10, 1, '2021-11-30 13:28:55', '2021-11-30 13:31:56');

-- --------------------------------------------------------

--
-- Estructura de tabla para la tabla `migrations`
--

CREATE TABLE `migrations` (
  `id` int(10) UNSIGNED NOT NULL,
  `migration` varchar(191) COLLATE utf8mb4_unicode_ci NOT NULL,
  `batch` int(11) NOT NULL
) ENGINE=InnoDB DEFAULT CHARSET=utf8mb4 COLLATE=utf8mb4_unicode_ci;

--
-- Volcado de datos para la tabla `migrations`
--

INSERT INTO `migrations` (`id`, `migration`, `batch`) VALUES
(1, '2014_10_12_000000_create_users_table', 1),
(2, '2014_10_12_100000_create_password_resets_table', 1),
(3, '2014_10_12_200000_add_two_factor_columns_to_users_table', 1),
(4, '2019_08_19_000000_create_failed_jobs_table', 1),
(5, '2019_12_14_000001_create_personal_access_tokens_table', 1),
(6, '2021_10_08_144831_create_sessions_table', 1);

-- --------------------------------------------------------

--
-- Estructura de tabla para la tabla `password_resets`
--

CREATE TABLE `password_resets` (
  `email` varchar(191) COLLATE utf8mb4_unicode_ci NOT NULL,
  `token` varchar(191) COLLATE utf8mb4_unicode_ci NOT NULL,
  `created_at` timestamp NULL DEFAULT NULL
) ENGINE=InnoDB DEFAULT CHARSET=utf8mb4 COLLATE=utf8mb4_unicode_ci;

-- --------------------------------------------------------

--
-- Estructura de tabla para la tabla `personal_access_tokens`
--

CREATE TABLE `personal_access_tokens` (
  `id` bigint(20) UNSIGNED NOT NULL,
  `tokenable_type` varchar(191) COLLATE utf8mb4_unicode_ci NOT NULL,
  `tokenable_id` bigint(20) UNSIGNED NOT NULL,
  `name` varchar(191) COLLATE utf8mb4_unicode_ci NOT NULL,
  `token` varchar(64) COLLATE utf8mb4_unicode_ci NOT NULL,
  `abilities` text COLLATE utf8mb4_unicode_ci DEFAULT NULL,
  `last_used_at` timestamp NULL DEFAULT NULL,
  `created_at` timestamp NULL DEFAULT NULL,
  `updated_at` timestamp NULL DEFAULT NULL
) ENGINE=InnoDB DEFAULT CHARSET=utf8mb4 COLLATE=utf8mb4_unicode_ci;

-- --------------------------------------------------------

--
-- Estructura de tabla para la tabla `productos`
--

CREATE TABLE `productos` (
  `id` bigint(20) UNSIGNED NOT NULL,
  `nombre` varchar(30) COLLATE utf8mb4_unicode_ci NOT NULL,
  `precio` double NOT NULL,
  `estado` int(11) NOT NULL DEFAULT 1,
  `created_at` timestamp NULL DEFAULT NULL,
  `updated_at` timestamp NULL DEFAULT NULL
) ENGINE=InnoDB DEFAULT CHARSET=utf8mb4 COLLATE=utf8mb4_unicode_ci;

--
-- Volcado de datos para la tabla `productos`
--

INSERT INTO `productos` (`id`, `nombre`, `precio`, `estado`, `created_at`, `updated_at`) VALUES
(1, 'Hamburguesa', 12000, 1, '2021-10-14 16:15:26', '2021-10-27 15:51:30'),
(2, 'Perro caliente', 8000, 0, '2021-10-14 16:16:52', '2021-11-22 15:31:21'),
(25, 'Salchipapa', 14000, 1, '2021-11-09 21:15:48', '2021-11-09 21:15:48'),
(27, 'Choripapas', 15000, 0, '2021-11-17 14:31:26', '2021-11-17 16:07:00'),
(28, 'No se', 5000, 1, '2021-11-22 15:30:25', '2021-11-22 15:30:25'),
(29, 'Hamburguesa Super Super', 25000, 1, '2021-11-22 15:49:56', '2021-11-22 15:49:56');

-- --------------------------------------------------------

--
-- Estructura de tabla para la tabla `proveedores`
--

CREATE TABLE `proveedores` (
  `id` bigint(20) UNSIGNED NOT NULL,
  `nit` varchar(20) COLLATE utf8mb4_unicode_ci NOT NULL,
  `nombrecontacto` varchar(40) COLLATE utf8mb4_unicode_ci NOT NULL,
  `correocontacto` varchar(50) COLLATE utf8mb4_unicode_ci NOT NULL,
  `numerocontacto` varchar(20) COLLATE utf8mb4_unicode_ci NOT NULL,
  `empresa` varchar(30) COLLATE utf8mb4_unicode_ci NOT NULL,
  `direccionempresa` varchar(25) COLLATE utf8mb4_unicode_ci NOT NULL,
  `estado` int(11) NOT NULL DEFAULT 1,
  `created_at` timestamp NULL DEFAULT NULL,
  `updated_at` timestamp NULL DEFAULT NULL
) ENGINE=InnoDB DEFAULT CHARSET=utf8mb4 COLLATE=utf8mb4_unicode_ci;

--
-- Volcado de datos para la tabla `proveedores`
--

INSERT INTO `proveedores` (`id`, `nit`, `nombrecontacto`, `correocontacto`, `numerocontacto`, `empresa`, `direccionempresa`, `estado`, `created_at`, `updated_at`) VALUES
(1, '1002205', 'Pepito', 'pepito@gmail.com', '0023562', 'Nose', 'Cl.00#00', 0, NULL, '2021-12-08 19:03:35'),
(2, '5198263303', 'Carlos Murillo', 'carlos3d@gmd', '30002000', 'Pandemia', 'Cl. 00', 0, '2021-11-22 01:42:32', '2021-11-24 15:26:43'),
(3, '5621552', 'Camilo', 'admin@gmail', '50501200', 'Nestle', 'Cra. 7 #25', 0, '2021-11-24 15:17:43', '2021-12-08 19:56:05'),
(4, '5493040293', 'Camilo Loren', 'admin@gmail.com', '512489910', 'Klim', 'Cra. 00 #99', 1, '2021-11-24 16:12:55', '2021-12-08 19:56:45'),
(5, '2500154202', 'Oscar Baena', 'oscarb123@gmail.com', '3102255885', 'Proleche', 'Cl. 99 # 00', 0, '2021-11-30 13:26:21', '2021-12-08 19:56:09');

-- --------------------------------------------------------

--
-- Estructura de tabla para la tabla `roles`
--

CREATE TABLE `roles` (
  `id` bigint(20) UNSIGNED NOT NULL,
  `cargo` varchar(15) COLLATE utf8mb4_unicode_ci NOT NULL,
  `created_at` timestamp NULL DEFAULT NULL,
  `updated_at` timestamp NULL DEFAULT NULL
) ENGINE=InnoDB DEFAULT CHARSET=utf8mb4 COLLATE=utf8mb4_unicode_ci;

-- --------------------------------------------------------

--
-- Estructura de tabla para la tabla `sessions`
--

CREATE TABLE `sessions` (
  `id` varchar(191) COLLATE utf8mb4_unicode_ci NOT NULL,
  `user_id` bigint(20) UNSIGNED DEFAULT NULL,
  `ip_address` varchar(45) COLLATE utf8mb4_unicode_ci DEFAULT NULL,
  `user_agent` text COLLATE utf8mb4_unicode_ci DEFAULT NULL,
  `payload` text COLLATE utf8mb4_unicode_ci NOT NULL,
  `last_activity` int(11) NOT NULL
) ENGINE=InnoDB DEFAULT CHARSET=utf8mb4 COLLATE=utf8mb4_unicode_ci;

--
-- Volcado de datos para la tabla `sessions`
--

INSERT INTO `sessions` (`id`, `user_id`, `ip_address`, `user_agent`, `payload`, `last_activity`) VALUES
('c8HGL49ETQO5F0JmlI4wtKIohaXnPzPcOKjahrMf', 1, '127.0.0.1', 'Mozilla/5.0 (Windows NT 10.0; Win64; x64) AppleWebKit/537.36 (KHTML, like Gecko) Chrome/96.0.4664.55 Safari/537.36 Edg/96.0.1054.43', 'YTo2OntzOjY6Il90b2tlbiI7czo0MDoiNjhManlYdFhSSWpFbFR0OVFqTlZSY1RKMjdoTE40QU9zTEhSc2lNUSI7czo2OiJfZmxhc2giO2E6Mjp7czozOiJvbGQiO2E6MDp7fXM6MzoibmV3IjthOjA6e319czo5OiJfcHJldmlvdXMiO2E6MTp7czozOiJ1cmwiO3M6MzU6Imh0dHA6Ly8xMjcuMC4wLjE6ODAwMC92ZW50YVJlcG9ydGVzIjt9czo1MDoibG9naW5fd2ViXzU5YmEzNmFkZGMyYjJmOTQwMTU4MGYwMTRjN2Y1OGVhNGUzMDk4OWQiO2k6MTtzOjE3OiJwYXNzd29yZF9oYXNoX3dlYiI7czo2MDoiJDJ5JDEwJG8vdjM0NXNDQXd5Y0hwbEgxS0wzM095U0dhYWY5NExHQlBKLmtheDFTTmNkRzhmaUFOT2pLIjtzOjIxOiJwYXNzd29yZF9oYXNoX3NhbmN0dW0iO3M6NjA6IiQyeSQxMCRvL3YzNDVzQ0F3eWNIcGxIMUtMMzNPeVNHYWFmOTRMR0JQSi5rYXgxU05jZEc4ZmlBTk9qSyI7fQ==', 1639019333);

-- --------------------------------------------------------

--
-- Estructura de tabla para la tabla `users`
--

CREATE TABLE `users` (
  `id` bigint(20) UNSIGNED NOT NULL,
  `name` varchar(191) COLLATE utf8mb4_unicode_ci NOT NULL,
  `email` varchar(191) COLLATE utf8mb4_unicode_ci NOT NULL,
  `email_verified_at` timestamp NULL DEFAULT NULL,
  `password` varchar(191) COLLATE utf8mb4_unicode_ci NOT NULL,
  `two_factor_secret` text COLLATE utf8mb4_unicode_ci DEFAULT NULL,
  `two_factor_recovery_codes` text COLLATE utf8mb4_unicode_ci DEFAULT NULL,
  `remember_token` varchar(100) COLLATE utf8mb4_unicode_ci DEFAULT NULL,
  `current_team_id` bigint(20) UNSIGNED DEFAULT NULL,
  `profile_photo_path` varchar(2048) COLLATE utf8mb4_unicode_ci DEFAULT NULL,
  `created_at` timestamp NULL DEFAULT NULL,
  `updated_at` timestamp NULL DEFAULT NULL
) ENGINE=InnoDB DEFAULT CHARSET=utf8mb4 COLLATE=utf8mb4_unicode_ci;

--
-- Volcado de datos para la tabla `users`
--

INSERT INTO `users` (`id`, `name`, `email`, `email_verified_at`, `password`, `two_factor_secret`, `two_factor_recovery_codes`, `remember_token`, `current_team_id`, `profile_photo_path`, `created_at`, `updated_at`) VALUES
(1, 'Brahian Rojas', 'admin@admin.com', NULL, '$2y$10$o/v345sCAwycHplH1KL33OySGaaf94LGBPJ.kax1SNcdG8fiANOjK', 'eyJpdiI6IkNlSEhQOUVRTEMvTzliZTRHejVuM1E9PSIsInZhbHVlIjoibVV3WWszZk5Ob0pEYmQvdUZUSlM2VHlaQTZ2NjJlZDdaQmhMcFNabXFpUT0iLCJtYWMiOiIwY2QxNWI1NDI4MzY4MDljN2JjOWFjMmIxYmU2ZTQzYzVjZjA3ZjU0MTg1Y2UxYWU4MzM2YmVhNmMzYzAwN2YwIiwidGFnIjoiIn0=', 'eyJpdiI6ImoxMlVKd1pSRGkvZ09yT0k5RGdteVE9PSIsInZhbHVlIjoiY1hBREVVU3NteVdPTzBJS2pobEVTK1FaUWNmZGRSL1dSaE4rMVhiUmF0NzdnYlZCZmJtZFlNTGloNjlWM1BYVlhZbGpMMHJEZVNCKy93cUQxMzBnZzVzblMxaHlYVVNpZUtDNk1NRC91aDRPOCtSM2s0RFhINlVVNjRzM0U3T3dRWll3Z2RwdTlWbHlEM3ZmTU11dCtYRGQ1TTR2bU5nSUI5VWVWYkhjUEkyeHI1a25oTklOOU4ydTYwUENoK29QUmMwT25sNVI0WHhrdUVob09XbG1kTTg2Z2RsZWtwa3FlTFYwZ0JtSFZCUGFlalRBTlhwREI2SExER3BVV3hsMFlHenB1b3oxeDY4Q3RNNTc1aXVEVEE9PSIsIm1hYyI6IjY0NGVhZjkzMzA3NDhiOGZjNzU2NTFjZjdhMjdlYzIxY2NjYzIwOWM5ZTYzYmU0ZjM5ZWFmMTgxYTljOGFlNTgiLCJ0YWciOiIifQ==', NULL, NULL, NULL, '2021-10-14 15:59:39', '2021-11-19 22:23:01'),
(2, 'Camilo Baena', 'baenaabraza@gmail.com', NULL, '123456789', NULL, NULL, NULL, NULL, NULL, '2021-11-22 15:13:04', '2021-11-22 15:13:04');

-- --------------------------------------------------------

--
-- Estructura de tabla para la tabla `ventas`
--

CREATE TABLE `ventas` (
  `id` bigint(20) UNSIGNED NOT NULL,
  `id_recibo` varchar(20) COLLATE utf8mb4_unicode_ci NOT NULL,
  `id_cliente` bigint(20) UNSIGNED NOT NULL,
  `fecha` datetime NOT NULL,
  `total` double NOT NULL,
  `pago` int(11) NOT NULL DEFAULT 0,
  `formaPago` enum('Efectivo','Transferencia bancaria') COLLATE utf8mb4_unicode_ci NOT NULL,
  `estado` varchar(255) COLLATE utf8mb4_unicode_ci NOT NULL DEFAULT '0',
  `cancelado` int(11) NOT NULL DEFAULT 0,
  `created_at` timestamp NULL DEFAULT NULL,
  `updated_at` timestamp NULL DEFAULT NULL
) ENGINE=InnoDB DEFAULT CHARSET=utf8mb4 COLLATE=utf8mb4_unicode_ci;

--
-- Volcado de datos para la tabla `ventas`
--

INSERT INTO `ventas` (`id`, `id_recibo`, `id_cliente`, `fecha`, `total`, `pago`, `formaPago`, `estado`, `cancelado`, `created_at`, `updated_at`) VALUES
(124, 'EPF-000', 3, '2021-11-08 00:55:57', 40000, 0, 'Efectivo', '3', 1, '2021-11-08 05:55:57', '2021-11-19 00:34:05'),
(125, 'EPF-125', 2, '2021-10-08 00:56:26', 80000, 1, 'Transferencia bancaria', '4', 0, '2021-11-08 05:56:26', '2021-11-11 15:08:27'),
(126, 'EPF-126', 3, '2021-11-08 00:57:49', 80000, 0, 'Transferencia bancaria', '0', 1, '2021-11-08 05:57:49', '2021-11-09 03:26:46'),
(229, 'EPF-127', 2, '2021-11-08 22:25:26', 60000, 1, 'Transferencia bancaria', '4', 0, '2021-11-09 03:25:26', '2021-11-11 15:07:57'),
(230, 'EPF-230', 2, '2021-11-09 10:28:30', 24000, 0, 'Transferencia bancaria', '3', 1, '2021-11-09 15:28:30', '2021-11-19 06:12:32'),
(231, 'EPF-231', 3, '2021-11-09 10:29:41', 60000, 0, 'Transferencia bancaria', '0', 1, '2021-11-09 15:29:41', '2021-11-09 15:30:11'),
(233, 'EPF-232', 2, '2021-11-11 10:04:45', 64000, 0, 'Efectivo', '2', 1, '2021-11-11 15:04:45', '2021-11-19 06:12:35'),
(234, 'EPF-234', 2, '2021-11-11 10:05:59', 16000, 0, 'Transferencia bancaria', '0', 1, '2021-11-11 15:05:59', '2021-11-11 15:06:24'),
(235, 'EPF-235', 3, '2021-11-11 10:09:59', 20000, 0, 'Transferencia bancaria', '0', 1, '2021-11-11 15:09:59', '2021-11-11 15:10:29'),
(238, 'EPF-236', 2, '2021-11-17 11:15:33', 16000, 0, 'Transferencia bancaria', '0', 1, '2021-11-17 16:15:33', '2021-11-19 00:34:34'),
(239, 'EPF-239', 2, '2021-11-18 10:46:06', 16000, 1, 'Transferencia bancaria', '4', 0, '2021-11-18 15:46:06', '2021-11-19 18:57:56'),
(240, 'EPF-240', 2, '2021-11-18 19:19:24', 32000, 0, 'Transferencia bancaria', '0', 1, '2021-11-19 00:19:24', '2021-11-19 00:21:19'),
(241, 'EPF-241', 2, '2021-11-18 19:20:58', 16000, 0, 'Transferencia bancaria', '0', 1, '2021-11-19 00:20:58', '2021-11-19 00:21:12'),
(242, 'EPF-242', 2, '2021-11-18 19:22:10', 42000, 0, 'Efectivo', '0', 1, '2021-11-19 00:22:10', '2021-11-19 00:56:29'),
(243, 'EPF-243', 3, '2021-11-18 19:23:18', 36000, 0, 'Transferencia bancaria', '0', 1, '2021-11-19 00:23:18', '2021-11-19 00:56:25'),
(244, 'EPF-244', 3, '2021-11-18 19:53:17', 70000, 0, 'Efectivo', '0', 1, '2021-11-19 00:53:17', '2021-11-19 00:56:22'),
(245, 'EPF-245', 3, '2021-11-18 19:54:07', 14000, 1, 'Efectivo', '0', 1, '2021-11-19 00:54:07', '2021-11-19 01:32:39'),
(246, 'EPF-246', 3, '2021-11-18 19:54:55', 24000, 0, 'Efectivo', '0', 1, '2021-11-19 00:54:55', '2021-11-19 00:56:18'),
(247, 'EPF-247', 3, '2021-11-18 19:55:31', 76000, 0, 'Efectivo', '0', 1, '2021-11-19 00:55:31', '2021-11-19 00:56:15'),
(248, 'EPF-248', 2, '2021-11-18 19:56:48', 28000, 0, 'Efectivo', '0', 1, '2021-11-19 00:56:48', '2021-11-19 00:59:38'),
(249, 'EPF-249', 2, '2021-11-18 19:57:25', 24000, 0, 'Efectivo', '0', 1, '2021-11-19 00:57:25', '2021-11-19 00:59:35'),
(250, 'EPF-250', 2, '2021-11-18 19:57:46', 40000, 0, 'Efectivo', '0', 1, '2021-11-19 00:57:46', '2021-11-19 00:59:32'),
(251, 'EPF-251', 2, '2021-11-18 20:11:15', 32000, 0, 'Transferencia bancaria', '0', 1, '2021-11-19 01:11:15', '2021-11-19 01:32:41'),
(252, 'EPF-252', 2, '2021-11-18 20:27:42', 40000, 0, 'Transferencia bancaria', '0', 1, '2021-11-19 01:27:42', '2021-11-19 01:32:50'),
(253, 'EPF-253', 2, '2021-11-18 20:28:21', 70000, 0, 'Transferencia bancaria', '0', 1, '2021-11-19 01:28:21', '2021-11-19 01:32:53'),
(254, 'EPF-254', 2, '2021-11-18 20:32:29', 24000, 0, 'Transferencia bancaria', '0', 1, '2021-11-19 01:32:29', '2021-11-19 01:32:36'),
(255, 'EPF-255', 2, '2021-11-18 20:41:26', 84000, 0, 'Transferencia bancaria', '0', 1, '2021-11-19 01:41:27', '2021-11-19 01:41:32'),
(256, 'EPF-256', 2, '2021-11-18 20:43:48', 70000, 0, 'Efectivo', '0', 1, '2021-11-19 01:43:48', '2021-11-19 06:12:24'),
(257, 'EPF-257', 2, '2021-11-18 20:44:51', 210000, 0, 'Efectivo', '0', 1, '2021-11-19 01:44:51', '2021-11-19 06:12:21'),
(258, 'EPF-258', 1, '2021-11-19 00:55:57', 34000, 0, 'Transferencia bancaria', '0', 1, '2021-11-19 05:55:57', '2021-11-19 06:12:19'),
(259, 'EPF-259', 1, '2021-11-19 00:57:30', 34000, 0, 'Transferencia bancaria', '0', 1, '2021-11-19 05:57:30', '2021-11-19 06:12:15'),
(260, 'EPF-260', 1, '2021-11-19 00:58:58', 56000, 0, 'Efectivo', '0', 1, '2021-11-19 05:58:58', '2021-11-19 06:12:12'),
(269, 'EPF-261', 1, '2021-11-19 01:13:03', 70000, 0, 'Efectivo', '0', 1, '2021-11-19 06:13:03', '2021-11-19 06:27:45'),
(273, 'EPF-270', 3, '2021-11-19 01:19:49', 30000, 0, 'Efectivo', '0', 1, '2021-11-19 06:19:49', '2021-11-19 06:27:42'),
(274, 'EPF-274', 3, '2021-11-19 01:25:50', 70000, 0, 'Efectivo', '0', 1, '2021-11-19 06:25:50', '2021-11-19 06:27:39'),
(275, 'EPF-275', 3, '2021-11-19 01:27:21', 40000, 0, 'Efectivo', '0', 1, '2021-11-19 06:27:21', '2021-11-19 06:27:36'),
(276, 'EPF-276', 3, '2021-11-19 01:33:05', 50000, 0, 'Transferencia bancaria', '0', 1, '2021-11-19 06:33:05', '2021-11-19 06:44:58'),
(277, 'EPF-277', 2, '2021-11-19 01:43:30', 50000, 0, 'Efectivo', '0', 1, '2021-11-19 06:43:30', '2021-11-19 06:44:55'),
(278, 'EPF-278', 3, '2021-11-19 01:45:25', 40000, 0, 'Transferencia bancaria', '0', 1, '2021-11-19 06:45:25', '2021-11-19 06:46:35'),
(279, 'EPF-279', 3, '2021-11-19 01:47:06', 80000, 0, 'Transferencia bancaria', '0', 1, '2021-11-19 06:47:06', '2021-11-19 07:00:02'),
(280, 'EPF-280', 3, '2021-11-19 01:49:17', 24000, 0, 'Transferencia bancaria', '0', 1, '2021-11-19 06:49:17', '2021-11-19 06:59:53'),
(281, 'EPF-281', 3, '2021-11-19 01:50:04', 24000, 0, 'Transferencia bancaria', '0', 1, '2021-11-19 06:50:04', '2021-11-19 06:59:56'),
(282, 'EPF-282', 3, '2021-11-19 01:56:52', 40000, 0, 'Transferencia bancaria', '0', 1, '2021-11-19 06:56:52', '2021-11-19 06:59:59'),
(283, 'EPF-283', 2, '2021-11-19 02:00:23', 20000, 0, 'Transferencia bancaria', '0', 1, '2021-11-19 07:00:23', '2021-11-19 07:01:41'),
(284, 'EPF-284', 2, '2021-11-19 02:01:03', 90000, 0, 'Transferencia bancaria', '0', 1, '2021-11-19 07:01:03', '2021-11-19 07:01:39'),
(285, 'EPF-285', 2, '2021-11-19 02:01:21', 14000, 0, 'Transferencia bancaria', '0', 1, '2021-11-19 07:01:21', '2021-11-19 07:01:36'),
(286, 'EPF-286', 3, '2021-11-19 02:04:52', 20000, 0, 'Transferencia bancaria', '0', 1, '2021-11-19 07:04:52', '2021-11-19 07:31:04'),
(287, 'EPF-287', 3, '2021-11-19 02:09:09', 32000, 0, 'Transferencia bancaria', '0', 1, '2021-11-19 07:09:09', '2021-11-19 07:30:43'),
(288, 'EPF-288', 2, '2021-11-19 02:11:47', 14000, 0, 'Transferencia bancaria', '0', 1, '2021-11-19 07:11:47', '2021-11-19 07:30:40'),
(289, 'EPF-289', 2, '2021-11-19 02:12:10', 14000, 0, 'Transferencia bancaria', '0', 1, '2021-11-19 07:12:10', '2021-11-19 07:30:46'),
(290, 'EPF-290', 2, '2021-11-19 02:14:36', 28000, 0, 'Transferencia bancaria', '0', 1, '2021-11-19 07:14:36', '2021-11-19 07:30:48'),
(291, 'EPF-291', 2, '2021-11-19 02:14:55', 28000, 0, 'Transferencia bancaria', '0', 1, '2021-11-19 07:14:55', '2021-11-19 07:30:50'),
(292, 'EPF-292', 2, '2021-11-19 02:15:16', 42000, 0, 'Transferencia bancaria', '0', 1, '2021-11-19 07:15:16', '2021-11-19 07:30:52'),
(293, 'EPF-293', 2, '2021-11-19 02:16:21', 28000, 0, 'Transferencia bancaria', '0', 1, '2021-11-19 07:16:21', '2021-11-19 07:30:54'),
(294, 'EPF-294', 2, '2021-11-19 02:16:49', 30000, 0, 'Transferencia bancaria', '0', 1, '2021-11-19 07:16:49', '2021-11-19 07:30:57'),
(295, 'EPF-295', 2, '2021-11-19 02:24:05', 40000, 0, 'Transferencia bancaria', '0', 1, '2021-11-19 07:24:05', '2021-11-19 07:30:59'),
(296, 'EPF-296', 2, '2021-11-19 02:30:32', 24000, 0, 'Transferencia bancaria', '0', 1, '2021-11-19 07:30:32', '2021-11-19 07:31:01'),
(297, 'EPF-297', 2, '2021-11-19 02:36:57', 30000, 0, 'Transferencia bancaria', '0', 1, '2021-11-19 07:36:57', '2021-11-19 07:37:44'),
(298, 'EPF-298', 2, '2021-11-19 02:37:29', 32000, 0, 'Transferencia bancaria', '0', 1, '2021-11-19 07:37:29', '2021-11-19 07:37:37'),
(299, 'EPF-299', 3, '2021-11-19 02:39:25', 60000, 0, 'Efectivo', '0', 1, '2021-11-19 07:39:25', '2021-11-19 07:50:37'),
(300, 'EPF-300', 3, '2021-11-19 02:39:59', 12000, 0, 'Efectivo', '0', 1, '2021-11-19 07:39:59', '2021-11-19 07:50:40'),
(301, 'EPF-301', 2, '2021-11-19 02:46:26', 14000, 0, 'Transferencia bancaria', '0', 1, '2021-11-19 07:46:26', '2021-11-19 07:50:30'),
(302, 'EPF-302', 2, '2021-11-19 02:51:07', 30000, 0, 'Transferencia bancaria', '0', 1, '2021-11-19 07:51:07', '2021-11-19 08:01:45'),
(303, 'EPF-303', 1, '2021-11-19 02:55:43', 90000, 0, 'Transferencia bancaria', '0', 1, '2021-11-19 07:55:43', '2021-11-19 08:01:36'),
(304, 'EPF-304', 1, '2021-11-19 02:57:42', 48000, 0, 'Transferencia bancaria', '0', 1, '2021-11-19 07:57:42', '2021-11-19 08:01:37'),
(305, 'EPF-305', 1, '2021-11-19 02:58:43', 14000, 0, 'Transferencia bancaria', '0', 1, '2021-11-19 07:58:43', '2021-11-19 08:01:40'),
(306, 'EPF-306', 1, '2021-11-19 02:59:49', 30000, 0, 'Transferencia bancaria', '0', 1, '2021-11-19 07:59:49', '2021-11-19 08:01:41'),
(307, 'EPF-307', 1, '2021-11-19 03:00:34', 36000, 0, 'Transferencia bancaria', '0', 1, '2021-11-19 08:00:34', '2021-11-19 08:01:32'),
(308, 'EPF-308', 3, '2021-11-19 03:02:54', 80000, 0, 'Transferencia bancaria', '0', 1, '2021-11-19 08:02:54', '2021-11-19 08:09:15'),
(309, 'EPF-309', 2, '2021-11-19 03:05:05', 16000, 0, 'Transferencia bancaria', '0', 1, '2021-11-19 08:05:05', '2021-11-19 08:09:08'),
(310, 'EPF-310', 2, '2021-11-19 03:07:30', 14000, 0, 'Efectivo', '0', 1, '2021-11-19 08:07:30', '2021-11-19 08:09:11'),
(311, 'EPF-311', 2, '2021-11-19 03:07:54', 24000, 0, 'Efectivo', '0', 1, '2021-11-19 08:07:54', '2021-11-19 08:09:04'),
(312, 'EPF-312', 2, '2021-11-19 03:11:29', 28000, 0, 'Transferencia bancaria', '0', 1, '2021-11-19 08:11:29', '2021-11-19 08:30:40'),
(313, 'EPF-313', 1, '2021-11-19 03:25:57', 70000, 0, 'Transferencia bancaria', '0', 1, '2021-11-19 08:25:57', '2021-11-19 08:30:36'),
(314, 'EPF-314', 3, '2021-11-19 03:27:31', 90000, 0, 'Transferencia bancaria', '0', 1, '2021-11-19 08:27:31', '2021-11-19 08:30:31'),
(315, 'EPF-315', 1, '2021-11-19 03:31:03', 70000, 0, 'Transferencia bancaria', '0', 1, '2021-11-19 08:31:03', '2021-11-19 08:39:50'),
(316, 'EPF-316', 1, '2021-11-19 03:34:14', 100000, 0, 'Efectivo', '0', 1, '2021-11-19 08:34:14', '2021-11-19 08:39:44'),
(317, 'EPF-317', 1, '2021-11-19 03:40:14', 100000, 0, 'Transferencia bancaria', '0', 1, '2021-11-19 08:40:14', '2021-11-19 08:41:26'),
(318, 'EPF-318', 1, '2021-11-19 03:41:55', 100000, 0, 'Transferencia bancaria', '0', 1, '2021-11-19 08:41:55', '2021-11-19 08:48:15'),
(319, 'EPF-319', 1, '2021-11-19 03:47:59', 40000, 0, 'Transferencia bancaria', '0', 1, '2021-11-19 08:47:59', '2021-11-19 08:48:19'),
(320, 'EPF-320', 1, '2021-11-19 03:48:39', 16000, 0, 'Transferencia bancaria', '0', 1, '2021-11-19 08:48:39', '2021-11-19 08:48:46'),
(321, 'EPF-321', 2, '2021-11-19 03:50:40', 60000, 0, 'Transferencia bancaria', '0', 1, '2021-11-19 08:50:40', '2021-11-19 18:57:27'),
(322, 'EPF-322', 1, '2021-11-19 03:53:21', 50000, 0, 'Transferencia bancaria', '0', 1, '2021-11-19 08:53:21', '2021-11-19 18:57:14'),
(323, 'EPF-323', 1, '2021-11-19 12:03:50', 80000, 0, 'Efectivo', '0', 1, '2021-11-19 17:03:50', '2021-11-19 18:57:17'),
(324, 'EPF-324', 1, '2021-11-19 13:56:12', 110000, 0, 'Transferencia bancaria', '0', 1, '2021-11-19 18:56:12', '2021-11-19 18:57:19'),
(325, 'EPF-325', 2, '2021-11-19 13:56:50', 16000, 0, 'Transferencia bancaria', '0', 1, '2021-11-19 18:56:50', '2021-11-19 18:57:21'),
(326, 'EPF-326', 2, '2021-11-19 13:58:31', 30000, 0, 'Transferencia bancaria', '1', 1, '2021-11-19 18:58:31', '2021-11-19 22:36:43'),
(327, 'EPF-327', 3, '2021-11-19 17:37:14', 110000, 0, 'Transferencia bancaria', '0', 1, '2021-11-19 22:37:14', '2021-11-19 22:56:37'),
(328, 'EPF-328', 3, '2021-11-19 17:57:33', 50000, 0, 'Efectivo', '3', 1, '2021-11-19 22:57:33', '2021-11-19 23:12:27'),
(329, 'EPF-329', 3, '2021-11-19 18:16:17', 120000, 0, 'Transferencia bancaria', '1', 1, '2021-11-19 23:16:17', '2021-11-20 03:27:40'),
(330, 'EPF-330', 2, '2021-11-19 22:28:13', 90000, 0, 'Transferencia bancaria', '2', 1, '2021-11-20 03:28:13', '2021-11-20 03:34:29'),
(331, 'EPF-331', 3, '2021-11-19 22:34:54', 90000, 0, 'Transferencia bancaria', '1', 1, '2021-11-20 03:34:54', '2021-11-20 03:37:11'),
(332, 'EPF-332', 3, '2021-11-19 22:37:04', 100000, 0, 'Transferencia bancaria', '1', 1, '2021-11-20 03:37:04', '2021-11-20 03:38:24'),
(333, 'EPF-333', 3, '2021-11-19 22:38:41', 24000, 0, 'Transferencia bancaria', '1', 1, '2021-11-20 03:38:41', '2021-11-20 03:42:50'),
(334, 'EPF-334', 3, '2021-11-19 22:47:10', 90000, 1, 'Efectivo', '4', 0, '2021-11-20 03:47:10', '2021-11-20 04:31:36'),
(335, 'EPF-335', 1, '2021-11-19 23:32:10', 36000, 1, 'Transferencia bancaria', '4', 0, '2021-11-20 04:32:10', '2021-11-20 04:44:15'),
(336, 'EPF-336', 2, '2021-11-19 23:32:28', 42000, 1, 'Transferencia bancaria', '4', 0, '2021-11-20 04:32:28', '2021-11-20 04:34:40'),
(337, 'EPF-337', 1, '2021-11-19 23:32:48', 48000, 1, 'Efectivo', '4', 0, '2021-11-20 04:32:48', '2021-11-20 04:33:24'),
(338, 'EPF-338', 3, '2021-11-19 23:33:14', 50000, 1, 'Transferencia bancaria', '4', 0, '2021-11-20 04:33:14', '2021-11-20 04:33:22'),
(339, 'EPF-339', 1, '2021-11-19 23:45:00', 50000, 1, 'Efectivo', '4', 0, '2021-11-20 04:45:00', '2021-11-22 06:00:57'),
(340, 'EPF-340', 2, '2021-11-20 22:00:56', 38000, 1, 'Transferencia bancaria', '4', 0, '2021-11-21 03:00:56', '2021-11-22 15:59:29'),
(341, 'EPF-341', 3, '2021-11-20 22:18:07', 52000, 0, 'Transferencia bancaria', '0', 1, '2021-11-21 03:18:07', '2021-11-21 06:06:01'),
(342, 'EPF-342', 2, '2021-11-21 01:05:48', 30000, 0, 'Transferencia bancaria', '0', 1, '2021-11-21 06:05:48', '2021-11-21 06:05:55'),
(343, 'EPF-343', 2, '2021-11-21 22:19:48', 50000, 1, 'Transferencia bancaria', '4', 0, '2021-11-22 03:19:48', '2021-11-24 06:54:49'),
(344, 'EPF-344', 5, '2021-11-22 10:55:45', 25000, 0, 'Transferencia bancaria', '0', 1, '2021-11-22 15:55:45', '2021-11-22 15:57:11'),
(345, 'EPF-345', 5, '2021-11-23 19:09:23', 15000, 1, 'Efectivo', '4', 0, '2021-11-24 00:09:23', '2021-11-24 15:03:13'),
(346, 'EPF-346', 5, '2021-11-23 19:42:49', 10000, 0, 'Transferencia bancaria', '3', 1, '2021-11-24 00:42:49', '2021-11-24 15:03:07'),
(347, 'EPF-347', 5, '2021-11-24 01:27:07', 24000, 1, 'Transferencia bancaria', '4', 0, '2021-11-24 06:27:07', '2021-11-24 16:20:12'),
(348, 'EPF-348', 5, '2021-11-24 11:18:56', 25000, 0, 'Efectivo', '1', 1, '2021-11-24 16:18:56', '2021-11-24 16:21:43'),
(349, 'EPF-349', 5, '2021-11-25 19:55:36', 210000, 0, 'Efectivo', '3', 0, '2021-11-26 00:55:36', '2021-11-28 02:18:45'),
(350, 'EPF-350', 5, '2021-11-30 08:33:39', 40000, 1, 'Transferencia bancaria', '4', 0, '2021-11-30 13:33:39', '2021-11-30 13:36:01'),
(351, 'EPF-351', 5, '2021-11-30 08:41:03', 12000, 1, 'Efectivo', '4', 0, '2021-11-30 13:41:03', '2021-11-30 13:41:27'),
(352, 'EPF-352', 5, '2021-12-02 19:15:04', 444000, 0, 'Transferencia bancaria', '0', 1, '2021-12-03 00:15:04', '2021-12-03 03:11:40'),
(353, 'EPF-353', 5, '2021-12-02 21:57:03', 33000, 0, 'Transferencia bancaria', '0', 1, '2021-12-03 02:57:03', '2021-12-03 03:11:34'),
(354, 'EPF-354', 5, '2021-12-02 22:09:20', 474000, 0, 'Efectivo', '0', 1, '2021-12-03 03:09:20', '2021-12-03 03:11:32'),
(357, 'EPF-355', 5, '2021-12-03 10:18:19', 101000, 0, 'Transferencia bancaria', '0', 1, '2021-12-03 15:18:19', '2021-12-03 15:18:37'),
(358, 'EPF-358', 5, '2021-12-03 10:20:23', 106000, 0, 'Transferencia bancaria', '0', 1, '2021-12-03 15:20:23', '2021-12-03 15:20:33'),
(359, 'EPF-359', 5, '2021-12-03 10:26:41', 141000, 0, 'Efectivo', '0', 1, '2021-12-03 15:26:41', '2021-12-03 15:26:51'),
(360, 'EPF-360', 5, '2021-12-03 12:35:59', 456000, 0, 'Efectivo', '0', 1, '2021-12-03 17:35:59', '2021-12-03 17:36:19'),
(361, 'EPF-361', 5, '2021-12-08 13:09:02', 70000, 0, 'Efectivo', '0', 0, '2021-12-08 18:09:02', '2021-12-08 18:09:02');

--
-- Índices para tablas volcadas
--

--
-- Indices de la tabla `clientes`
--
ALTER TABLE `clientes`
  ADD PRIMARY KEY (`id`),
  ADD UNIQUE KEY `cedula` (`cedula`);

--
-- Indices de la tabla `compras`
--
ALTER TABLE `compras`
  ADD PRIMARY KEY (`id`),
  ADD KEY `id_proveedor` (`id_proveedor`);

--
-- Indices de la tabla `configuracion`
--
ALTER TABLE `configuracion`
  ADD PRIMARY KEY (`id`),
  ADD KEY `configuracion_id_rol_foreign` (`id_rol`),
  ADD KEY `configuracion_id_funcion_foreign` (`id_funcion`);

--
-- Indices de la tabla `detallecompras`
--
ALTER TABLE `detallecompras`
  ADD PRIMARY KEY (`id`),
  ADD KEY `detallecompras_id_compra_foreign` (`id_compra`) USING BTREE,
  ADD KEY `detallecompras_id_insumo_foreign` (`id_insumo`);

--
-- Indices de la tabla `detalleventas`
--
ALTER TABLE `detalleventas`
  ADD PRIMARY KEY (`id`),
  ADD KEY `detalleventas_id_producto_foreign` (`id_producto`),
  ADD KEY `detalleventas_id_venta_foreign` (`id_venta`);

--
-- Indices de la tabla `empleados`
--
ALTER TABLE `empleados`
  ADD PRIMARY KEY (`id`),
  ADD KEY `empleados_id_usuario_foreign` (`id_usuario`);

--
-- Indices de la tabla `failed_jobs`
--
ALTER TABLE `failed_jobs`
  ADD PRIMARY KEY (`id`),
  ADD UNIQUE KEY `failed_jobs_uuid_unique` (`uuid`);

--
-- Indices de la tabla `fechaestados`
--
ALTER TABLE `fechaestados`
  ADD PRIMARY KEY (`id`),
  ADD KEY `id_venta` (`id_venta`);

--
-- Indices de la tabla `funcion`
--
ALTER TABLE `funcion`
  ADD PRIMARY KEY (`id`);

--
-- Indices de la tabla `insumoproductos`
--
ALTER TABLE `insumoproductos`
  ADD PRIMARY KEY (`id`),
  ADD KEY `insumoproductos_id_insumo_foreign` (`id_insumo`),
  ADD KEY `insumoproductos_id_producto_foreign` (`id_producto`);

--
-- Indices de la tabla `insumos`
--
ALTER TABLE `insumos`
  ADD PRIMARY KEY (`id`),
  ADD UNIQUE KEY `nombre_insumo` (`nombre_insumo`);

--
-- Indices de la tabla `migrations`
--
ALTER TABLE `migrations`
  ADD PRIMARY KEY (`id`);

--
-- Indices de la tabla `password_resets`
--
ALTER TABLE `password_resets`
  ADD KEY `password_resets_email_index` (`email`);

--
-- Indices de la tabla `personal_access_tokens`
--
ALTER TABLE `personal_access_tokens`
  ADD PRIMARY KEY (`id`),
  ADD UNIQUE KEY `personal_access_tokens_token_unique` (`token`),
  ADD KEY `personal_access_tokens_tokenable_type_tokenable_id_index` (`tokenable_type`,`tokenable_id`);

--
-- Indices de la tabla `productos`
--
ALTER TABLE `productos`
  ADD PRIMARY KEY (`id`),
  ADD UNIQUE KEY `nombre` (`nombre`);

--
-- Indices de la tabla `proveedores`
--
ALTER TABLE `proveedores`
  ADD PRIMARY KEY (`id`);

--
-- Indices de la tabla `roles`
--
ALTER TABLE `roles`
  ADD PRIMARY KEY (`id`);

--
-- Indices de la tabla `sessions`
--
ALTER TABLE `sessions`
  ADD PRIMARY KEY (`id`),
  ADD KEY `sessions_user_id_index` (`user_id`),
  ADD KEY `sessions_last_activity_index` (`last_activity`);

--
-- Indices de la tabla `users`
--
ALTER TABLE `users`
  ADD PRIMARY KEY (`id`),
  ADD UNIQUE KEY `users_email_unique` (`email`);

--
-- Indices de la tabla `ventas`
--
ALTER TABLE `ventas`
  ADD PRIMARY KEY (`id`),
  ADD UNIQUE KEY `id_recibo` (`id_recibo`),
  ADD KEY `ventas_id_cliente_foreign` (`id_cliente`);

--
-- AUTO_INCREMENT de las tablas volcadas
--

--
-- AUTO_INCREMENT de la tabla `clientes`
--
ALTER TABLE `clientes`
  MODIFY `id` bigint(20) UNSIGNED NOT NULL AUTO_INCREMENT, AUTO_INCREMENT=6;

--
-- AUTO_INCREMENT de la tabla `compras`
--
ALTER TABLE `compras`
  MODIFY `id` bigint(20) UNSIGNED NOT NULL AUTO_INCREMENT, AUTO_INCREMENT=10;

--
-- AUTO_INCREMENT de la tabla `configuracion`
--
ALTER TABLE `configuracion`
  MODIFY `id` bigint(20) UNSIGNED NOT NULL AUTO_INCREMENT;

--
-- AUTO_INCREMENT de la tabla `detallecompras`
--
ALTER TABLE `detallecompras`
  MODIFY `id` bigint(20) UNSIGNED NOT NULL AUTO_INCREMENT, AUTO_INCREMENT=14;

--
-- AUTO_INCREMENT de la tabla `detalleventas`
--
ALTER TABLE `detalleventas`
  MODIFY `id` bigint(20) UNSIGNED NOT NULL AUTO_INCREMENT, AUTO_INCREMENT=461;

--
-- AUTO_INCREMENT de la tabla `empleados`
--
ALTER TABLE `empleados`
  MODIFY `id` bigint(20) UNSIGNED NOT NULL AUTO_INCREMENT;

--
-- AUTO_INCREMENT de la tabla `failed_jobs`
--
ALTER TABLE `failed_jobs`
  MODIFY `id` bigint(20) UNSIGNED NOT NULL AUTO_INCREMENT;

--
-- AUTO_INCREMENT de la tabla `fechaestados`
--
ALTER TABLE `fechaestados`
  MODIFY `id` bigint(20) UNSIGNED NOT NULL AUTO_INCREMENT, AUTO_INCREMENT=262;

--
-- AUTO_INCREMENT de la tabla `funcion`
--
ALTER TABLE `funcion`
  MODIFY `id` bigint(20) UNSIGNED NOT NULL AUTO_INCREMENT;

--
-- AUTO_INCREMENT de la tabla `insumoproductos`
--
ALTER TABLE `insumoproductos`
  MODIFY `id` bigint(20) UNSIGNED NOT NULL AUTO_INCREMENT, AUTO_INCREMENT=24;

--
-- AUTO_INCREMENT de la tabla `insumos`
--
ALTER TABLE `insumos`
  MODIFY `id` bigint(20) UNSIGNED NOT NULL AUTO_INCREMENT, AUTO_INCREMENT=14;

--
-- AUTO_INCREMENT de la tabla `migrations`
--
ALTER TABLE `migrations`
  MODIFY `id` int(10) UNSIGNED NOT NULL AUTO_INCREMENT, AUTO_INCREMENT=8;

--
-- AUTO_INCREMENT de la tabla `personal_access_tokens`
--
ALTER TABLE `personal_access_tokens`
  MODIFY `id` bigint(20) UNSIGNED NOT NULL AUTO_INCREMENT;

--
-- AUTO_INCREMENT de la tabla `productos`
--
ALTER TABLE `productos`
  MODIFY `id` bigint(20) UNSIGNED NOT NULL AUTO_INCREMENT, AUTO_INCREMENT=30;

--
-- AUTO_INCREMENT de la tabla `proveedores`
--
ALTER TABLE `proveedores`
  MODIFY `id` bigint(20) UNSIGNED NOT NULL AUTO_INCREMENT, AUTO_INCREMENT=6;

--
-- AUTO_INCREMENT de la tabla `roles`
--
ALTER TABLE `roles`
  MODIFY `id` bigint(20) UNSIGNED NOT NULL AUTO_INCREMENT;

--
-- AUTO_INCREMENT de la tabla `users`
--
ALTER TABLE `users`
  MODIFY `id` bigint(20) UNSIGNED NOT NULL AUTO_INCREMENT, AUTO_INCREMENT=3;

--
-- AUTO_INCREMENT de la tabla `ventas`
--
ALTER TABLE `ventas`
  MODIFY `id` bigint(20) UNSIGNED NOT NULL AUTO_INCREMENT, AUTO_INCREMENT=362;

--
-- Restricciones para tablas volcadas
--

--
-- Filtros para la tabla `compras`
--
ALTER TABLE `compras`
  ADD CONSTRAINT `compras_ibfk_1` FOREIGN KEY (`id_proveedor`) REFERENCES `proveedores` (`id`) ON DELETE CASCADE ON UPDATE CASCADE;

--
-- Filtros para la tabla `configuracion`
--
ALTER TABLE `configuracion`
  ADD CONSTRAINT `configuracion_id_funcion_foreign` FOREIGN KEY (`id_funcion`) REFERENCES `funcion` (`id`),
  ADD CONSTRAINT `configuracion_id_rol_foreign` FOREIGN KEY (`id_rol`) REFERENCES `roles` (`id`);

--
-- Filtros para la tabla `detallecompras`
--
ALTER TABLE `detallecompras`
  ADD CONSTRAINT `detallecompras_id_compra_foreign` FOREIGN KEY (`id_compra`) REFERENCES `compras` (`id`) ON DELETE CASCADE ON UPDATE CASCADE,
  ADD CONSTRAINT `detallecompras_id_insumo_foreign` FOREIGN KEY (`id_insumo`) REFERENCES `insumos` (`id`) ON DELETE CASCADE ON UPDATE CASCADE;

--
-- Filtros para la tabla `detalleventas`
--
ALTER TABLE `detalleventas`
  ADD CONSTRAINT `detalleventas_id_producto_foreign` FOREIGN KEY (`id_producto`) REFERENCES `productos` (`id`),
  ADD CONSTRAINT `detalleventas_id_venta_foreign` FOREIGN KEY (`id_venta`) REFERENCES `ventas` (`id`) ON DELETE CASCADE;

--
-- Filtros para la tabla `empleados`
--
ALTER TABLE `empleados`
  ADD CONSTRAINT `empleados_id_usuario_foreign` FOREIGN KEY (`id_usuario`) REFERENCES `users` (`id`);

--
-- Filtros para la tabla `fechaestados`
--
ALTER TABLE `fechaestados`
  ADD CONSTRAINT `venta_fechaestado_foreign` FOREIGN KEY (`id_venta`) REFERENCES `ventas` (`id`) ON DELETE CASCADE ON UPDATE CASCADE;

--
-- Filtros para la tabla `insumoproductos`
--
ALTER TABLE `insumoproductos`
  ADD CONSTRAINT `insumoproductos_id_insumo_foreign` FOREIGN KEY (`id_insumo`) REFERENCES `insumos` (`id`) ON DELETE CASCADE ON UPDATE CASCADE,
  ADD CONSTRAINT `insumoproductos_id_producto_foreign` FOREIGN KEY (`id_producto`) REFERENCES `productos` (`id`) ON DELETE CASCADE ON UPDATE CASCADE;

--
-- Filtros para la tabla `ventas`
--
ALTER TABLE `ventas`
  ADD CONSTRAINT `ventas_id_cliente_foreign` FOREIGN KEY (`id_cliente`) REFERENCES `clientes` (`id`) ON UPDATE CASCADE;
COMMIT;

/*!40101 SET CHARACTER_SET_CLIENT=@OLD_CHARACTER_SET_CLIENT */;
/*!40101 SET CHARACTER_SET_RESULTS=@OLD_CHARACTER_SET_RESULTS */;
/*!40101 SET COLLATION_CONNECTION=@OLD_COLLATION_CONNECTION */;
