-- phpMyAdmin SQL Dump
-- version 5.1.0
-- https://www.phpmyadmin.net/
--
-- Servidor: 127.0.0.1
-- Tiempo de generación: 19-11-2021 a las 21:44:13
-- Versión del servidor: 10.4.18-MariaDB
-- Versión de PHP: 8.0.3

SET SQL_MODE = "NO_AUTO_VALUE_ON_ZERO";
START TRANSACTION;
SET time_zone = "+00:00";


/*!40101 SET @OLD_CHARACTER_SET_CLIENT=@@CHARACTER_SET_CLIENT */;
/*!40101 SET @OLD_CHARACTER_SET_RESULTS=@@CHARACTER_SET_RESULTS */;
/*!40101 SET @OLD_COLLATION_CONNECTION=@@COLLATION_CONNECTION */;
/*!40101 SET NAMES utf8mb4 */;

--
-- Base de datos: `piloncitosoft`
--

-- --------------------------------------------------------

--
-- Estructura de tabla para la tabla `clientes`
--

CREATE TABLE `clientes` (
  `id` bigint(20) UNSIGNED NOT NULL,
  `nombre` varchar(50) COLLATE utf8mb4_unicode_ci NOT NULL,
  `cedula` varchar(20) COLLATE utf8mb4_unicode_ci NOT NULL,
  `direccion` varchar(40) COLLATE utf8mb4_unicode_ci NOT NULL,
  `contacto` varchar(20) COLLATE utf8mb4_unicode_ci NOT NULL,
  `estado` varchar(255) COLLATE utf8mb4_unicode_ci NOT NULL DEFAULT '1',
  `created_at` timestamp NULL DEFAULT NULL,
  `updated_at` timestamp NULL DEFAULT NULL
) ENGINE=InnoDB DEFAULT CHARSET=utf8mb4 COLLATE=utf8mb4_unicode_ci;

--
-- Volcado de datos para la tabla `clientes`
--

INSERT INTO `clientes` (`id`, `nombre`, `cedula`, `direccion`, `contacto`, `estado`, `created_at`, `updated_at`) VALUES
(1, 'Brahian Rojas', '1234567899', 'Cl. 00 #00-00', '3001001010', '0', '2021-10-14 16:24:32', '2021-10-27 15:47:34'),
(2, 'Milena Mor Cataño', '015326598', 'Cra. 99 #11-00', '3110110055', '0', '2021-10-27 02:05:39', '2021-10-27 15:49:52'),
(3, 'Petito Perez', '2403258815', 'Cl. 00 #11-11', '002225588', '0', '2021-10-27 15:45:14', '2021-10-27 15:47:33');

-- --------------------------------------------------------

--
-- Estructura de tabla para la tabla `compras`
--

CREATE TABLE `compras` (
  `id` bigint(20) UNSIGNED NOT NULL,
  `numReciboCompra` varchar(30) COLLATE utf8mb4_unicode_ci NOT NULL,
  `fecha` datetime NOT NULL,
  `id_proveedor` bigint(20) UNSIGNED NOT NULL,
  `totalcompra` double NOT NULL,
  `estado` int(11) NOT NULL DEFAULT 1,
  `created_at` timestamp NULL DEFAULT NULL,
  `updated_at` timestamp NULL DEFAULT NULL
) ENGINE=InnoDB DEFAULT CHARSET=utf8mb4 COLLATE=utf8mb4_unicode_ci;

--
-- Volcado de datos para la tabla `compras`
--

INSERT INTO `compras` (`id`, `numReciboCompra`, `fecha`, `id_proveedor`, `totalcompra`,`estado`, `created_at`, `updated_at`) VALUES
(2, '0055266', '2021-10-27 10:19:00', 1, 87465, '2021-10-27 15:22:12', '2021-10-27 15:22:12', 1),
(3, '0055266', '2021-10-27 10:25:00', 1, 30000, '2021-10-27 15:25:47', '2021-10-27 15:25:47', 1),
(4, '50066425', '2021-11-09 15:23:00', 1, 418880, '2021-11-09 20:24:03', '2021-11-09 20:24:03', 1),
(5, '50066425', '2021-11-17 09:26:00', 1, 102000, '2021-11-17 14:26:25', '2021-11-17 14:26:25', 1);

-- --------------------------------------------------------

--
-- Estructura de tabla para la tabla `configuracion`
--

CREATE TABLE `configuracion` (
  `id` bigint(20) UNSIGNED NOT NULL,
  `id_rol` bigint(20) UNSIGNED NOT NULL,
  `id_funcion` bigint(20) UNSIGNED NOT NULL,
  `created_at` timestamp NULL DEFAULT NULL,
  `updated_at` timestamp NULL DEFAULT NULL
) ENGINE=InnoDB DEFAULT CHARSET=utf8mb4 COLLATE=utf8mb4_unicode_ci;

-- --------------------------------------------------------

--
-- Estructura de tabla para la tabla `detallecompras`
--

CREATE TABLE `detallecompras` (
  `id` bigint(20) UNSIGNED NOT NULL,
  `id_compra` bigint(20) UNSIGNED NOT NULL,
  `id_insumo` bigint(20) UNSIGNED NOT NULL,
  `cantidad` int(11) NOT NULL,
  `precio_unitario` double NOT NULL,
  `precio_total` double NOT NULL,
  `iva` double NOT NULL,
  `subtotal` double NOT NULL,
  `created_at` timestamp NULL DEFAULT NULL,
  `updated_at` timestamp NULL DEFAULT NULL
) ENGINE=InnoDB DEFAULT CHARSET=utf8mb4 COLLATE=utf8mb4_unicode_ci;

--
-- Volcado de datos para la tabla `detallecompras`
--

INSERT INTO `detallecompras` (`id`, `id_compra`, `id_insumo`, `cantidad`, `precio_unitario`, `precio_total`, `iva`, `subtotal`, `created_at`, `updated_at`) VALUES
(3, 2, 6, 10, 5000, 59500, 0.19, 50000, '2021-10-27 15:22:12', '2021-10-27 15:22:12'),
(5, 4, 9, 88, 4000, 418880, 0.19, 352000, '2021-11-09 20:24:03', '2021-11-09 20:24:03'),
(6, 5, 5, 20, 5000, 102000, 0.02, 100000, '2021-11-17 14:26:25', '2021-11-17 14:26:25');

-- --------------------------------------------------------

--
-- Estructura de tabla para la tabla `detalleventas`
--

CREATE TABLE `detalleventas` (
  `id` bigint(20) UNSIGNED NOT NULL,
  `id_venta` bigint(20) UNSIGNED NOT NULL,
  `id_producto` bigint(20) UNSIGNED NOT NULL,
  `cantidad` int(11) NOT NULL,
  `precio_unitario` double NOT NULL,
  `precio_total` double NOT NULL,
  `created_at` timestamp NULL DEFAULT NULL,
  `updated_at` timestamp NULL DEFAULT NULL
) ENGINE=InnoDB DEFAULT CHARSET=utf8mb4 COLLATE=utf8mb4_unicode_ci;

--
-- Volcado de datos para la tabla `detalleventas`
--

INSERT INTO `detalleventas` (`id`, `id_venta`, `id_producto`, `cantidad`, `precio_unitario`, `precio_total`, `created_at`, `updated_at`) VALUES
(144, 124, 1, 2, 12000, 24000, '2021-11-08 05:55:57', '2021-11-08 05:55:57'),
(145, 124, 2, 2, 8000, 16000, '2021-11-08 05:55:57', '2021-11-08 05:55:57'),
(146, 125, 1, 4, 12000, 48000, '2021-11-08 05:56:26', '2021-11-08 05:56:26'),
(147, 125, 2, 4, 8000, 32000, '2021-11-08 05:56:26', '2021-11-08 05:56:26'),
(148, 126, 1, 4, 12000, 48000, '2021-11-08 05:57:49', '2021-11-08 05:57:49'),
(149, 126, 2, 4, 8000, 32000, '2021-11-08 05:57:49', '2021-11-08 05:57:49'),
(252, 229, 1, 3, 12000, 36000, '2021-11-09 03:25:26', '2021-11-09 03:25:26'),
(253, 229, 2, 3, 8000, 24000, '2021-11-09 03:25:26', '2021-11-09 03:25:26'),
(254, 230, 1, 2, 12000, 24000, '2021-11-09 15:28:30', '2021-11-09 15:28:30'),
(255, 231, 1, 5, 12000, 60000, '2021-11-09 15:29:41', '2021-11-09 15:29:41'),
(256, 233, 2, 2, 8000, 16000, '2021-11-11 15:04:45', '2021-11-11 15:04:45'),
(257, 233, 1, 4, 12000, 48000, '2021-11-11 15:04:45', '2021-11-11 15:04:45'),
(258, 234, 2, 2, 8000, 16000, '2021-11-11 15:05:59', '2021-11-11 15:05:59'),
(259, 235, 2, 1, 8000, 8000, '2021-11-11 15:09:59', '2021-11-11 15:09:59'),
(260, 235, 1, 1, 12000, 12000, '2021-11-11 15:09:59', '2021-11-11 15:09:59'),
(261, 238, 2, 2, 8000, 16000, '2021-11-17 16:15:34', '2021-11-17 16:15:34'),
(262, 239, 2, 2, 8000, 16000, '2021-11-18 15:46:07', '2021-11-18 15:46:07'),
(263, 240, 2, 4, 8000, 32000, '2021-11-19 00:19:25', '2021-11-19 00:19:25'),
(264, 241, 2, 2, 8000, 16000, '2021-11-19 00:20:58', '2021-11-19 00:20:58'),
(265, 242, 25, 3, 14000, 42000, '2021-11-19 00:22:10', '2021-11-19 00:22:10'),
(266, 243, 1, 3, 12000, 36000, '2021-11-19 00:23:18', '2021-11-19 00:23:18'),
(267, 244, 25, 5, 14000, 70000, '2021-11-19 00:53:17', '2021-11-19 00:53:17'),
(268, 245, 25, 1, 14000, 14000, '2021-11-19 00:54:07', '2021-11-19 00:54:07'),
(269, 246, 1, 2, 12000, 24000, '2021-11-19 00:54:55', '2021-11-19 00:54:55'),
(270, 247, 1, 4, 12000, 48000, '2021-11-19 00:55:31', '2021-11-19 00:55:31'),
(271, 247, 25, 2, 14000, 28000, '2021-11-19 00:55:31', '2021-11-19 00:55:31'),
(272, 248, 25, 2, 14000, 28000, '2021-11-19 00:56:49', '2021-11-19 00:56:49'),
(273, 249, 2, 3, 8000, 24000, '2021-11-19 00:57:25', '2021-11-19 00:57:25'),
(274, 250, 2, 5, 8000, 40000, '2021-11-19 00:57:46', '2021-11-19 00:57:46'),
(275, 251, 2, 4, 8000, 32000, '2021-11-19 01:11:15', '2021-11-19 01:11:15'),
(276, 252, 2, 5, 8000, 40000, '2021-11-19 01:27:42', '2021-11-19 01:27:42'),
(277, 253, 25, 5, 14000, 70000, '2021-11-19 01:28:21', '2021-11-19 01:28:21'),
(278, 254, 2, 3, 8000, 24000, '2021-11-19 01:32:29', '2021-11-19 01:32:29'),
(279, 255, 25, 6, 14000, 84000, '2021-11-19 01:41:27', '2021-11-19 01:41:27'),
(280, 256, 1, 1, 12000, 12000, '2021-11-19 01:43:48', '2021-11-19 01:43:48'),
(281, 256, 25, 3, 14000, 42000, '2021-11-19 01:43:48', '2021-11-19 01:43:48'),
(282, 256, 2, 2, 8000, 16000, '2021-11-19 01:43:48', '2021-11-19 01:43:48'),
(283, 257, 2, 5, 8000, 40000, '2021-11-19 01:44:51', '2021-11-19 01:44:51'),
(284, 257, 25, 7, 14000, 98000, '2021-11-19 01:44:51', '2021-11-19 01:44:51'),
(285, 257, 1, 6, 12000, 72000, '2021-11-19 01:44:51', '2021-11-19 01:44:51'),
(286, 258, 2, 1, 8000, 8000, '2021-11-19 05:55:57', '2021-11-19 05:55:57'),
(287, 258, 1, 1, 12000, 12000, '2021-11-19 05:55:57', '2021-11-19 05:55:57'),
(288, 258, 25, 1, 14000, 14000, '2021-11-19 05:55:57', '2021-11-19 05:55:57'),
(289, 259, 2, 1, 8000, 8000, '2021-11-19 05:57:30', '2021-11-19 05:57:30'),
(290, 259, 1, 1, 12000, 12000, '2021-11-19 05:57:30', '2021-11-19 05:57:30'),
(291, 259, 25, 1, 14000, 14000, '2021-11-19 05:57:30', '2021-11-19 05:57:30'),
(292, 260, 1, 2, 12000, 24000, '2021-11-19 05:58:58', '2021-11-19 05:58:58'),
(293, 260, 2, 4, 8000, 32000, '2021-11-19 05:58:58', '2021-11-19 05:58:58'),
(294, 269, 25, 3, 14000, 42000, '2021-11-19 06:13:03', '2021-11-19 06:13:03'),
(295, 269, 1, 1, 12000, 12000, '2021-11-19 06:13:03', '2021-11-19 06:13:03'),
(296, 269, 2, 2, 8000, 16000, '2021-11-19 06:13:03', '2021-11-19 06:13:03'),
(297, 273, 2, 2, 8000, 16000, '2021-11-19 06:19:49', '2021-11-19 06:19:49'),
(298, 273, 25, 1, 14000, 14000, '2021-11-19 06:19:49', '2021-11-19 06:19:49'),
(299, 274, 25, 1, 14000, 14000, '2021-11-19 06:25:50', '2021-11-19 06:25:50'),
(300, 274, 1, 2, 12000, 24000, '2021-11-19 06:25:50', '2021-11-19 06:25:50'),
(301, 274, 2, 4, 8000, 32000, '2021-11-19 06:25:50', '2021-11-19 06:25:50'),
(302, 275, 2, 5, 8000, 40000, '2021-11-19 06:27:21', '2021-11-19 06:27:21'),
(303, 276, 2, 3, 8000, 24000, '2021-11-19 06:33:05', '2021-11-19 06:33:05'),
(304, 276, 25, 1, 14000, 14000, '2021-11-19 06:33:05', '2021-11-19 06:33:05'),
(305, 276, 1, 1, 12000, 12000, '2021-11-19 06:33:05', '2021-11-19 06:33:05'),
(306, 277, 1, 3, 12000, 36000, '2021-11-19 06:43:30', '2021-11-19 06:43:30'),
(307, 277, 25, 1, 14000, 14000, '2021-11-19 06:43:30', '2021-11-19 06:43:30'),
(308, 278, 1, 2, 12000, 24000, '2021-11-19 06:45:25', '2021-11-19 06:45:25'),
(309, 278, 2, 2, 8000, 16000, '2021-11-19 06:45:25', '2021-11-19 06:45:25'),
(310, 279, 25, 4, 14000, 56000, '2021-11-19 06:47:06', '2021-11-19 06:47:06'),
(311, 279, 1, 2, 12000, 24000, '2021-11-19 06:47:06', '2021-11-19 06:47:06'),
(312, 280, 1, 2, 12000, 24000, '2021-11-19 06:49:17', '2021-11-19 06:49:17'),
(313, 281, 2, 3, 8000, 24000, '2021-11-19 06:50:04', '2021-11-19 06:50:04'),
(314, 282, 2, 5, 8000, 40000, '2021-11-19 06:56:52', '2021-11-19 06:56:52'),
(315, 283, 2, 1, 8000, 8000, '2021-11-19 07:00:23', '2021-11-19 07:00:23'),
(316, 283, 1, 1, 12000, 12000, '2021-11-19 07:00:23', '2021-11-19 07:00:23'),
(317, 284, 1, 4, 12000, 48000, '2021-11-19 07:01:03', '2021-11-19 07:01:03'),
(318, 284, 25, 3, 14000, 42000, '2021-11-19 07:01:03', '2021-11-19 07:01:03'),
(319, 285, 25, 1, 14000, 14000, '2021-11-19 07:01:21', '2021-11-19 07:01:21'),
(320, 286, 1, 1, 12000, 12000, '2021-11-19 07:04:52', '2021-11-19 07:04:52'),
(321, 286, 2, 1, 8000, 8000, '2021-11-19 07:04:52', '2021-11-19 07:04:52'),
(322, 287, 2, 4, 8000, 32000, '2021-11-19 07:09:09', '2021-11-19 07:09:09'),
(323, 288, 25, 1, 14000, 14000, '2021-11-19 07:11:47', '2021-11-19 07:11:47'),
(324, 289, 25, 1, 14000, 14000, '2021-11-19 07:12:10', '2021-11-19 07:12:10'),
(325, 290, 25, 2, 14000, 28000, '2021-11-19 07:14:36', '2021-11-19 07:14:36'),
(326, 291, 25, 2, 14000, 28000, '2021-11-19 07:14:55', '2021-11-19 07:14:55'),
(327, 292, 25, 3, 14000, 42000, '2021-11-19 07:15:16', '2021-11-19 07:15:16'),
(328, 293, 25, 2, 14000, 28000, '2021-11-19 07:16:21', '2021-11-19 07:16:21'),
(329, 294, 25, 1, 14000, 14000, '2021-11-19 07:16:49', '2021-11-19 07:16:49'),
(330, 294, 2, 2, 8000, 16000, '2021-11-19 07:16:49', '2021-11-19 07:16:49'),
(331, 295, 2, 5, 8000, 40000, '2021-11-19 07:24:05', '2021-11-19 07:24:05'),
(332, 296, 1, 2, 12000, 24000, '2021-11-19 07:30:32', '2021-11-19 07:30:32'),
(333, 297, 25, 1, 14000, 14000, '2021-11-19 07:36:57', '2021-11-19 07:36:57'),
(334, 297, 2, 2, 8000, 16000, '2021-11-19 07:36:57', '2021-11-19 07:36:57'),
(335, 298, 2, 4, 8000, 32000, '2021-11-19 07:37:29', '2021-11-19 07:37:29'),
(336, 299, 2, 1, 8000, 8000, '2021-11-19 07:39:25', '2021-11-19 07:39:25'),
(337, 299, 25, 2, 14000, 28000, '2021-11-19 07:39:25', '2021-11-19 07:39:25'),
(338, 299, 1, 2, 12000, 24000, '2021-11-19 07:39:25', '2021-11-19 07:39:25'),
(339, 300, 1, 1, 12000, 12000, '2021-11-19 07:39:59', '2021-11-19 07:39:59'),
(340, 301, 25, 1, 14000, 14000, '2021-11-19 07:46:26', '2021-11-19 07:46:26'),
(341, 302, 2, 2, 8000, 16000, '2021-11-19 07:51:07', '2021-11-19 07:51:07'),
(342, 302, 25, 1, 14000, 14000, '2021-11-19 07:51:07', '2021-11-19 07:51:07'),
(343, 303, 25, 1, 14000, 14000, '2021-11-19 07:55:43', '2021-11-19 07:55:43'),
(344, 303, 2, 2, 8000, 16000, '2021-11-19 07:55:43', '2021-11-19 07:55:43'),
(345, 303, 1, 5, 12000, 60000, '2021-11-19 07:55:43', '2021-11-19 07:55:43'),
(346, 304, 1, 4, 12000, 48000, '2021-11-19 07:57:42', '2021-11-19 07:57:42'),
(347, 305, 25, 1, 14000, 14000, '2021-11-19 07:58:43', '2021-11-19 07:58:43'),
(348, 306, 2, 2, 8000, 16000, '2021-11-19 07:59:49', '2021-11-19 07:59:49'),
(349, 306, 25, 1, 14000, 14000, '2021-11-19 07:59:49', '2021-11-19 07:59:49'),
(350, 307, 1, 3, 12000, 36000, '2021-11-19 08:00:34', '2021-11-19 08:00:34'),
(351, 308, 25, 2, 14000, 28000, '2021-11-19 08:02:54', '2021-11-19 08:02:54'),
(352, 308, 1, 3, 12000, 36000, '2021-11-19 08:02:54', '2021-11-19 08:02:54'),
(353, 308, 2, 2, 8000, 16000, '2021-11-19 08:02:54', '2021-11-19 08:02:54'),
(354, 309, 2, 2, 8000, 16000, '2021-11-19 08:05:05', '2021-11-19 08:05:05'),
(355, 310, 25, 1, 14000, 14000, '2021-11-19 08:07:30', '2021-11-19 08:07:30'),
(356, 311, 1, 2, 12000, 24000, '2021-11-19 08:07:54', '2021-11-19 08:07:54'),
(357, 312, 25, 2, 14000, 28000, '2021-11-19 08:11:29', '2021-11-19 08:11:29'),
(358, 313, 1, 2, 12000, 24000, '2021-11-19 08:25:57', '2021-11-19 08:25:57'),
(359, 313, 25, 1, 14000, 14000, '2021-11-19 08:25:57', '2021-11-19 08:25:57'),
(360, 313, 2, 4, 8000, 32000, '2021-11-19 08:25:57', '2021-11-19 08:25:57'),
(361, 314, 2, 3, 8000, 24000, '2021-11-19 08:27:31', '2021-11-19 08:27:31'),
(362, 314, 1, 2, 12000, 24000, '2021-11-19 08:27:31', '2021-11-19 08:27:31'),
(363, 314, 25, 3, 14000, 42000, '2021-11-19 08:27:31', '2021-11-19 08:27:31'),
(364, 315, 25, 5, 14000, 70000, '2021-11-19 08:31:03', '2021-11-19 08:31:03'),
(365, 316, 2, 3, 8000, 24000, '2021-11-19 08:34:14', '2021-11-19 08:34:14'),
(366, 316, 25, 2, 14000, 28000, '2021-11-19 08:34:14', '2021-11-19 08:34:14'),
(367, 316, 1, 4, 12000, 48000, '2021-11-19 08:34:14', '2021-11-19 08:34:14'),
(368, 317, 1, 4, 12000, 48000, '2021-11-19 08:40:14', '2021-11-19 08:40:14'),
(369, 317, 2, 3, 8000, 24000, '2021-11-19 08:40:14', '2021-11-19 08:40:14'),
(370, 317, 25, 2, 14000, 28000, '2021-11-19 08:40:14', '2021-11-19 08:40:14'),
(371, 318, 1, 4, 12000, 48000, '2021-11-19 08:41:55', '2021-11-19 08:41:55'),
(372, 318, 2, 3, 8000, 24000, '2021-11-19 08:41:55', '2021-11-19 08:41:55'),
(373, 318, 25, 2, 14000, 28000, '2021-11-19 08:41:55', '2021-11-19 08:41:55'),
(374, 319, 25, 2, 14000, 28000, '2021-11-19 08:47:59', '2021-11-19 08:47:59'),
(375, 319, 1, 1, 12000, 12000, '2021-11-19 08:47:59', '2021-11-19 08:47:59'),
(376, 320, 2, 2, 8000, 16000, '2021-11-19 08:48:39', '2021-11-19 08:48:39'),
(377, 321, 25, 2, 14000, 28000, '2021-11-19 08:50:40', '2021-11-19 08:50:40'),
(378, 321, 2, 1, 8000, 8000, '2021-11-19 08:50:40', '2021-11-19 08:50:40'),
(379, 321, 1, 2, 12000, 24000, '2021-11-19 08:50:40', '2021-11-19 08:50:40'),
(380, 322, 2, 1, 8000, 8000, '2021-11-19 08:53:21', '2021-11-19 08:53:21'),
(381, 322, 25, 3, 14000, 42000, '2021-11-19 08:53:21', '2021-11-19 08:53:21'),
(382, 323, 1, 3, 12000, 36000, '2021-11-19 17:03:50', '2021-11-19 17:03:50'),
(383, 323, 25, 2, 14000, 28000, '2021-11-19 17:03:50', '2021-11-19 17:03:50'),
(384, 323, 2, 2, 8000, 16000, '2021-11-19 17:03:50', '2021-11-19 17:03:50'),
(385, 324, 25, 3, 14000, 42000, '2021-11-19 18:56:12', '2021-11-19 18:56:12'),
(386, 324, 2, 4, 8000, 32000, '2021-11-19 18:56:12', '2021-11-19 18:56:12'),
(387, 324, 1, 3, 12000, 36000, '2021-11-19 18:56:12', '2021-11-19 18:56:12'),
(388, 325, 2, 2, 8000, 16000, '2021-11-19 18:56:50', '2021-11-19 18:56:50'),
(389, 326, 2, 2, 8000, 16000, '2021-11-19 18:58:31', '2021-11-19 18:58:31'),
(390, 326, 25, 1, 14000, 14000, '2021-11-19 18:58:31', '2021-11-19 18:58:31');

-- --------------------------------------------------------

--
-- Estructura de tabla para la tabla `empleados`
--

CREATE TABLE `empleados` (
  `id` bigint(20) UNSIGNED NOT NULL,
  `nombre` varchar(30) COLLATE utf8mb4_unicode_ci NOT NULL,
  `id_usuario` bigint(20) UNSIGNED NOT NULL,
  `contacto` varchar(20) COLLATE utf8mb4_unicode_ci NOT NULL,
  `created_at` timestamp NULL DEFAULT NULL,
  `updated_at` timestamp NULL DEFAULT NULL
) ENGINE=InnoDB DEFAULT CHARSET=utf8mb4 COLLATE=utf8mb4_unicode_ci;

-- --------------------------------------------------------

--
-- Estructura de tabla para la tabla `failed_jobs`
--

CREATE TABLE `failed_jobs` (
  `id` bigint(20) UNSIGNED NOT NULL,
  `uuid` varchar(191) COLLATE utf8mb4_unicode_ci NOT NULL,
  `connection` text COLLATE utf8mb4_unicode_ci NOT NULL,
  `queue` text COLLATE utf8mb4_unicode_ci NOT NULL,
  `payload` longtext COLLATE utf8mb4_unicode_ci NOT NULL,
  `exception` longtext COLLATE utf8mb4_unicode_ci NOT NULL,
  `failed_at` timestamp NOT NULL DEFAULT current_timestamp()
) ENGINE=InnoDB DEFAULT CHARSET=utf8mb4 COLLATE=utf8mb4_unicode_ci;

-- --------------------------------------------------------

--
-- Estructura de tabla para la tabla `fechaestados`
--

CREATE TABLE `fechaestados` (
  `id` bigint(20) UNSIGNED NOT NULL,
  `id_venta` bigint(20) UNSIGNED NOT NULL,
  `estado` varchar(255) NOT NULL DEFAULT '0',
  `fecha` datetime NOT NULL,
  `created_at` timestamp NULL DEFAULT NULL,
  `updated_at` timestamp NULL DEFAULT NULL
) ENGINE=InnoDB DEFAULT CHARSET=utf8mb4;

--
-- Volcado de datos para la tabla `fechaestados`
--

INSERT INTO `fechaestados` (`id`, `id_venta`, `estado`, `fecha`, `created_at`, `updated_at`) VALUES
(29, 124, '0', '2021-11-08 00:55:57', '2021-11-08 05:55:57', '2021-11-08 05:55:57'),
(30, 125, '0', '2021-11-08 00:56:26', '2021-11-08 05:56:26', '2021-11-08 05:56:26'),
(31, 126, '0', '2021-11-08 00:57:49', '2021-11-08 05:57:49', '2021-11-08 05:57:49'),
(32, 125, '1', '2021-11-08 07:19:04', '2021-11-08 12:19:04', '2021-11-08 12:19:04'),
(33, 124, '1', '2021-11-08 07:19:11', '2021-11-08 12:19:11', '2021-11-08 12:19:11'),
(34, 124, '2', '2021-11-08 07:19:13', '2021-11-08 12:19:13', '2021-11-08 12:19:13'),
(35, 229, '0', '2021-11-08 22:25:26', '2021-11-09 03:25:26', '2021-11-09 03:25:26'),
(36, 229, '1', '2021-11-08 22:25:33', '2021-11-09 03:25:33', '2021-11-09 03:25:33'),
(37, 229, '3', '2021-11-08 22:25:55', '2021-11-09 03:25:55', '2021-11-09 03:25:55'),
(38, 230, '0', '2021-11-09 10:28:30', '2021-11-09 15:28:30', '2021-11-09 15:28:30'),
(39, 230, '1', '2021-11-09 10:28:51', '2021-11-09 15:28:51', '2021-11-09 15:28:51'),
(40, 230, '2', '2021-11-09 10:28:53', '2021-11-09 15:28:53', '2021-11-09 15:28:53'),
(41, 230, '3', '2021-11-09 10:28:54', '2021-11-09 15:28:54', '2021-11-09 15:28:54'),
(42, 231, '0', '2021-11-09 10:29:41', '2021-11-09 15:29:41', '2021-11-09 15:29:41'),
(43, 230, '3', '2021-11-09 22:24:33', '2021-11-10 03:24:33', '2021-11-10 03:24:33'),
(44, 230, '3', '2021-11-09 22:25:55', '2021-11-10 03:25:55', '2021-11-10 03:25:55'),
(45, 230, '3', '2021-11-09 22:26:16', '2021-11-10 03:26:16', '2021-11-10 03:26:16'),
(46, 233, '0', '2021-11-11 10:04:45', '2021-11-11 15:04:45', '2021-11-11 15:04:45'),
(47, 233, '0', '2021-11-11 10:05:07', '2021-11-11 15:05:07', '2021-11-11 15:05:07'),
(48, 234, '0', '2021-11-11 10:05:59', '2021-11-11 15:05:59', '2021-11-11 15:05:59'),
(49, 229, '4', '2021-11-11 10:07:57', '2021-11-11 15:07:57', '2021-11-11 15:07:57'),
(50, 125, '4', '2021-11-11 10:08:27', '2021-11-11 15:08:27', '2021-11-11 15:08:27'),
(51, 235, '0', '2021-11-11 10:09:59', '2021-11-11 15:09:59', '2021-11-11 15:09:59'),
(52, 124, '3', '2021-11-17 11:12:13', '2021-11-17 16:12:13', '2021-11-17 16:12:13'),
(53, 233, '1', '2021-11-17 11:13:07', '2021-11-17 16:13:07', '2021-11-17 16:13:07'),
(54, 233, '2', '2021-11-17 11:13:19', '2021-11-17 16:13:19', '2021-11-17 16:13:19'),
(55, 238, '0', '2021-11-17 11:15:33', '2021-11-17 16:15:34', '2021-11-17 16:15:34'),
(56, 239, '0', '2021-11-18 10:46:06', '2021-11-18 15:46:07', '2021-11-18 15:46:07'),
(57, 239, '1', '2021-11-18 11:44:22', '2021-11-18 16:44:22', '2021-11-18 16:44:22'),
(58, 240, '0', '2021-11-18 19:19:24', '2021-11-19 00:19:25', '2021-11-19 00:19:25'),
(59, 241, '0', '2021-11-18 19:20:58', '2021-11-19 00:20:58', '2021-11-19 00:20:58'),
(60, 242, '0', '2021-11-18 19:22:10', '2021-11-19 00:22:10', '2021-11-19 00:22:10'),
(61, 243, '0', '2021-11-18 19:23:18', '2021-11-19 00:23:18', '2021-11-19 00:23:18'),
(62, 244, '0', '2021-11-18 19:53:17', '2021-11-19 00:53:17', '2021-11-19 00:53:17'),
(63, 245, '0', '2021-11-18 19:54:07', '2021-11-19 00:54:07', '2021-11-19 00:54:07'),
(64, 246, '0', '2021-11-18 19:54:55', '2021-11-19 00:54:55', '2021-11-19 00:54:55'),
(65, 247, '0', '2021-11-18 19:55:31', '2021-11-19 00:55:31', '2021-11-19 00:55:31'),
(66, 248, '0', '2021-11-18 19:56:48', '2021-11-19 00:56:49', '2021-11-19 00:56:49'),
(67, 249, '0', '2021-11-18 19:57:25', '2021-11-19 00:57:25', '2021-11-19 00:57:25'),
(68, 250, '0', '2021-11-18 19:57:46', '2021-11-19 00:57:46', '2021-11-19 00:57:46'),
(69, 251, '0', '2021-11-18 20:11:15', '2021-11-19 01:11:15', '2021-11-19 01:11:15'),
(70, 252, '0', '2021-11-18 20:27:42', '2021-11-19 01:27:42', '2021-11-19 01:27:42'),
(71, 253, '0', '2021-11-18 20:28:21', '2021-11-19 01:28:21', '2021-11-19 01:28:21'),
(72, 254, '0', '2021-11-18 20:32:29', '2021-11-19 01:32:29', '2021-11-19 01:32:29'),
(73, 255, '0', '2021-11-18 20:41:26', '2021-11-19 01:41:27', '2021-11-19 01:41:27'),
(74, 256, '0', '2021-11-18 20:43:48', '2021-11-19 01:43:48', '2021-11-19 01:43:48'),
(75, 257, '0', '2021-11-18 20:44:51', '2021-11-19 01:44:51', '2021-11-19 01:44:51'),
(76, 258, '0', '2021-11-19 00:55:57', '2021-11-19 05:55:57', '2021-11-19 05:55:57'),
(77, 259, '0', '2021-11-19 00:57:30', '2021-11-19 05:57:30', '2021-11-19 05:57:30'),
(78, 260, '0', '2021-11-19 00:58:58', '2021-11-19 05:58:58', '2021-11-19 05:58:58'),
(79, 269, '0', '2021-11-19 01:13:03', '2021-11-19 06:13:03', '2021-11-19 06:13:03'),
(80, 273, '0', '2021-11-19 01:19:49', '2021-11-19 06:19:49', '2021-11-19 06:19:49'),
(81, 274, '0', '2021-11-19 01:25:50', '2021-11-19 06:25:50', '2021-11-19 06:25:50'),
(82, 275, '0', '2021-11-19 01:27:21', '2021-11-19 06:27:21', '2021-11-19 06:27:21'),
(83, 276, '0', '2021-11-19 01:33:05', '2021-11-19 06:33:05', '2021-11-19 06:33:05'),
(84, 277, '0', '2021-11-19 01:43:30', '2021-11-19 06:43:30', '2021-11-19 06:43:30'),
(85, 278, '0', '2021-11-19 01:45:25', '2021-11-19 06:45:25', '2021-11-19 06:45:25'),
(86, 279, '0', '2021-11-19 01:47:06', '2021-11-19 06:47:06', '2021-11-19 06:47:06'),
(87, 280, '0', '2021-11-19 01:49:17', '2021-11-19 06:49:17', '2021-11-19 06:49:17'),
(88, 281, '0', '2021-11-19 01:50:04', '2021-11-19 06:50:04', '2021-11-19 06:50:04'),
(89, 282, '0', '2021-11-19 01:56:52', '2021-11-19 06:56:52', '2021-11-19 06:56:52'),
(90, 283, '0', '2021-11-19 02:00:23', '2021-11-19 07:00:23', '2021-11-19 07:00:23'),
(91, 284, '0', '2021-11-19 02:01:03', '2021-11-19 07:01:03', '2021-11-19 07:01:03'),
(92, 285, '0', '2021-11-19 02:01:21', '2021-11-19 07:01:21', '2021-11-19 07:01:21'),
(93, 286, '0', '2021-11-19 02:04:52', '2021-11-19 07:04:52', '2021-11-19 07:04:52'),
(94, 287, '0', '2021-11-19 02:09:09', '2021-11-19 07:09:09', '2021-11-19 07:09:09'),
(95, 288, '0', '2021-11-19 02:11:47', '2021-11-19 07:11:47', '2021-11-19 07:11:47'),
(96, 289, '0', '2021-11-19 02:12:10', '2021-11-19 07:12:10', '2021-11-19 07:12:10'),
(97, 290, '0', '2021-11-19 02:14:36', '2021-11-19 07:14:36', '2021-11-19 07:14:36'),
(98, 291, '0', '2021-11-19 02:14:55', '2021-11-19 07:14:55', '2021-11-19 07:14:55'),
(99, 292, '0', '2021-11-19 02:15:16', '2021-11-19 07:15:16', '2021-11-19 07:15:16'),
(100, 293, '0', '2021-11-19 02:16:21', '2021-11-19 07:16:21', '2021-11-19 07:16:21'),
(101, 294, '0', '2021-11-19 02:16:49', '2021-11-19 07:16:49', '2021-11-19 07:16:49'),
(102, 295, '0', '2021-11-19 02:24:05', '2021-11-19 07:24:05', '2021-11-19 07:24:05'),
(103, 296, '0', '2021-11-19 02:30:32', '2021-11-19 07:30:32', '2021-11-19 07:30:32'),
(104, 297, '0', '2021-11-19 02:36:57', '2021-11-19 07:36:57', '2021-11-19 07:36:57'),
(105, 298, '0', '2021-11-19 02:37:29', '2021-11-19 07:37:29', '2021-11-19 07:37:29'),
(106, 299, '0', '2021-11-19 02:39:25', '2021-11-19 07:39:25', '2021-11-19 07:39:25'),
(107, 300, '0', '2021-11-19 02:39:59', '2021-11-19 07:39:59', '2021-11-19 07:39:59'),
(108, 301, '0', '2021-11-19 02:46:26', '2021-11-19 07:46:26', '2021-11-19 07:46:26'),
(109, 302, '0', '2021-11-19 02:51:07', '2021-11-19 07:51:07', '2021-11-19 07:51:07'),
(110, 303, '0', '2021-11-19 02:55:43', '2021-11-19 07:55:43', '2021-11-19 07:55:43'),
(111, 304, '0', '2021-11-19 02:57:42', '2021-11-19 07:57:42', '2021-11-19 07:57:42'),
(112, 305, '0', '2021-11-19 02:58:43', '2021-11-19 07:58:43', '2021-11-19 07:58:43'),
(113, 306, '0', '2021-11-19 02:59:49', '2021-11-19 07:59:49', '2021-11-19 07:59:49'),
(114, 307, '0', '2021-11-19 03:00:34', '2021-11-19 08:00:34', '2021-11-19 08:00:34'),
(115, 308, '0', '2021-11-19 03:02:54', '2021-11-19 08:02:54', '2021-11-19 08:02:54'),
(116, 309, '0', '2021-11-19 03:05:05', '2021-11-19 08:05:05', '2021-11-19 08:05:05'),
(117, 310, '0', '2021-11-19 03:07:30', '2021-11-19 08:07:30', '2021-11-19 08:07:30'),
(118, 311, '0', '2021-11-19 03:07:54', '2021-11-19 08:07:54', '2021-11-19 08:07:54'),
(119, 312, '0', '2021-11-19 03:11:29', '2021-11-19 08:11:29', '2021-11-19 08:11:29'),
(120, 313, '0', '2021-11-19 03:25:57', '2021-11-19 08:25:57', '2021-11-19 08:25:57'),
(121, 314, '0', '2021-11-19 03:27:31', '2021-11-19 08:27:31', '2021-11-19 08:27:31'),
(122, 315, '0', '2021-11-19 03:31:03', '2021-11-19 08:31:03', '2021-11-19 08:31:03'),
(123, 316, '0', '2021-11-19 03:34:14', '2021-11-19 08:34:14', '2021-11-19 08:34:14'),
(124, 317, '0', '2021-11-19 03:40:14', '2021-11-19 08:40:14', '2021-11-19 08:40:14'),
(125, 318, '0', '2021-11-19 03:41:55', '2021-11-19 08:41:55', '2021-11-19 08:41:55'),
(126, 319, '0', '2021-11-19 03:47:59', '2021-11-19 08:47:59', '2021-11-19 08:47:59'),
(127, 320, '0', '2021-11-19 03:48:39', '2021-11-19 08:48:39', '2021-11-19 08:48:39'),
(128, 321, '0', '2021-11-19 03:50:40', '2021-11-19 08:50:40', '2021-11-19 08:50:40'),
(129, 322, '0', '2021-11-19 03:53:21', '2021-11-19 08:53:21', '2021-11-19 08:53:21'),
(130, 323, '0', '2021-11-19 12:03:50', '2021-11-19 17:03:50', '2021-11-19 17:03:50'),
(131, 324, '0', '2021-11-19 13:56:12', '2021-11-19 18:56:12', '2021-11-19 18:56:12'),
(132, 325, '0', '2021-11-19 13:56:50', '2021-11-19 18:56:50', '2021-11-19 18:56:50'),
(133, 239, '4', '2021-11-19 13:57:56', '2021-11-19 18:57:56', '2021-11-19 18:57:56'),
(134, 326, '0', '2021-11-19 13:58:31', '2021-11-19 18:58:31', '2021-11-19 18:58:31'),
(135, 326, '1', '2021-11-19 13:58:37', '2021-11-19 18:58:37', '2021-11-19 18:58:37'),
(136, 326, '2', '2021-11-19 14:09:56', '2021-11-19 19:09:56', '2021-11-19 19:09:56'),
(137, 326, '0', '2021-11-19 14:10:13', '2021-11-19 19:10:13', '2021-11-19 19:10:13'),
(138, 326, '1', '2021-11-19 14:10:41', '2021-11-19 19:10:41', '2021-11-19 19:10:41');

-- --------------------------------------------------------

--
-- Estructura de tabla para la tabla `funcion`
--

CREATE TABLE `funcion` (
  `id` bigint(20) UNSIGNED NOT NULL,
  `funcion` varchar(30) COLLATE utf8mb4_unicode_ci NOT NULL,
  `modulo` varchar(30) COLLATE utf8mb4_unicode_ci NOT NULL,
  `created_at` timestamp NULL DEFAULT NULL,
  `updated_at` timestamp NULL DEFAULT NULL
) ENGINE=InnoDB DEFAULT CHARSET=utf8mb4 COLLATE=utf8mb4_unicode_ci;

-- --------------------------------------------------------

--
-- Estructura de tabla para la tabla `insumoproductos`
--

CREATE TABLE `insumoproductos` (
  `id` bigint(20) UNSIGNED NOT NULL,
  `id_insumo` bigint(20) UNSIGNED NOT NULL,
  `id_producto` bigint(20) UNSIGNED NOT NULL,
  `cantidad` int(11) NOT NULL,
  `created_at` timestamp NULL DEFAULT NULL,
  `updated_at` timestamp NULL DEFAULT NULL
) ENGINE=InnoDB DEFAULT CHARSET=utf8mb4 COLLATE=utf8mb4_unicode_ci;

--
-- Volcado de datos para la tabla `insumoproductos`
--

INSERT INTO `insumoproductos` (`id`, `id_insumo`, `id_producto`, `cantidad`, `created_at`, `updated_at`) VALUES
(1, 3, 1, 1, NULL, NULL),
(2, 5, 1, 2, NULL, NULL),
(4, 4, 2, 1, '2021-10-14 16:16:52', '2021-10-14 16:16:52'),
(5, 6, 2, 1, '2021-10-14 16:16:52', '2021-10-14 16:16:52'),
(6, 10, 25, 2, '2021-11-09 21:15:48', '2021-11-09 21:15:48'),
(7, 11, 25, 1, '2021-11-09 21:15:48', '2021-11-09 21:15:48'),
(8, 9, 25, 7, '2021-11-09 21:15:48', '2021-11-09 21:15:48'),
(9, 12, 25, 2, '2021-11-09 21:15:48', '2021-11-09 21:15:48'),
(10, 9, 27, 2, '2021-11-17 14:31:26', '2021-11-17 14:31:26'),
(11, 12, 27, 3, '2021-11-17 14:31:26', '2021-11-17 14:31:26'),
(12, 10, 27, 2, '2021-11-17 14:31:26', '2021-11-17 14:31:26'),
(13, 11, 27, 1, '2021-11-17 14:31:26', '2021-11-17 14:31:26');

-- --------------------------------------------------------

--
-- Estructura de tabla para la tabla `insumos`
--

CREATE TABLE `insumos` (
  `id` bigint(20) UNSIGNED NOT NULL,
  `nombre_insumo` varchar(30) COLLATE utf8mb4_unicode_ci NOT NULL,
  `cantidad` int(11) NOT NULL,
  `estado` int(11) NOT NULL DEFAULT 1,
  `created_at` timestamp NULL DEFAULT NULL,
  `updated_at` timestamp NULL DEFAULT NULL
) ENGINE=InnoDB DEFAULT CHARSET=utf8mb4 COLLATE=utf8mb4_unicode_ci;

--
-- Volcado de datos para la tabla `insumos`
--

INSERT INTO `insumos` (`id`, `nombre_insumo`, `cantidad`, `estado`, `created_at`, `updated_at`) VALUES
(3, 'Carne hamburguesa', 18, 1, NULL, NULL),
(4, 'Salchicha perro pequeño', 13, 0, '2021-10-14 16:08:03', '2021-10-27 15:11:16'),
(5, 'Pan hamburguesa', 59, 1, NULL, '2021-11-17 14:26:25'),
(6, 'Pan perro pequeño', 23, 0, '2021-10-14 16:08:43', '2021-10-27 15:22:12'),
(7, 'Pan tajado', 50, 1, '2021-10-27 15:01:18', '2021-10-27 15:11:14'),
(9, 'Papas', 83, 1, '2021-11-09 20:20:14', '2021-11-09 20:24:03'),
(10, 'Salchicha', 48, 1, '2021-11-09 20:24:33', '2021-11-09 20:24:33'),
(11, 'Queso', 29, 1, '2021-11-09 20:25:13', '2021-11-09 20:25:13'),
(12, 'Chorizo', 58, 1, '2021-11-09 20:27:41', '2021-11-09 20:27:41');

-- --------------------------------------------------------

--
-- Estructura de tabla para la tabla `migrations`
--

CREATE TABLE `migrations` (
  `id` int(10) UNSIGNED NOT NULL,
  `migration` varchar(191) COLLATE utf8mb4_unicode_ci NOT NULL,
  `batch` int(11) NOT NULL
) ENGINE=InnoDB DEFAULT CHARSET=utf8mb4 COLLATE=utf8mb4_unicode_ci;

--
-- Volcado de datos para la tabla `migrations`
--

INSERT INTO `migrations` (`id`, `migration`, `batch`) VALUES
(1, '2014_10_12_000000_create_users_table', 1),
(2, '2014_10_12_100000_create_password_resets_table', 1),
(3, '2014_10_12_200000_add_two_factor_columns_to_users_table', 1),
(4, '2019_08_19_000000_create_failed_jobs_table', 1),
(5, '2019_12_14_000001_create_personal_access_tokens_table', 1),
(6, '2021_10_08_144831_create_sessions_table', 1);

-- --------------------------------------------------------

--
-- Estructura de tabla para la tabla `password_resets`
--

CREATE TABLE `password_resets` (
  `email` varchar(191) COLLATE utf8mb4_unicode_ci NOT NULL,
  `token` varchar(191) COLLATE utf8mb4_unicode_ci NOT NULL,
  `created_at` timestamp NULL DEFAULT NULL
) ENGINE=InnoDB DEFAULT CHARSET=utf8mb4 COLLATE=utf8mb4_unicode_ci;

-- --------------------------------------------------------

--
-- Estructura de tabla para la tabla `personal_access_tokens`
--

CREATE TABLE `personal_access_tokens` (
  `id` bigint(20) UNSIGNED NOT NULL,
  `tokenable_type` varchar(191) COLLATE utf8mb4_unicode_ci NOT NULL,
  `tokenable_id` bigint(20) UNSIGNED NOT NULL,
  `name` varchar(191) COLLATE utf8mb4_unicode_ci NOT NULL,
  `token` varchar(64) COLLATE utf8mb4_unicode_ci NOT NULL,
  `abilities` text COLLATE utf8mb4_unicode_ci DEFAULT NULL,
  `last_used_at` timestamp NULL DEFAULT NULL,
  `created_at` timestamp NULL DEFAULT NULL,
  `updated_at` timestamp NULL DEFAULT NULL
) ENGINE=InnoDB DEFAULT CHARSET=utf8mb4 COLLATE=utf8mb4_unicode_ci;

-- --------------------------------------------------------

--
-- Estructura de tabla para la tabla `productos`
--

CREATE TABLE `productos` (
  `id` bigint(20) UNSIGNED NOT NULL,
  `nombre` varchar(30) COLLATE utf8mb4_unicode_ci NOT NULL,
  `precio` double NOT NULL,
  `estado` int(11) NOT NULL DEFAULT 1,
  `created_at` timestamp NULL DEFAULT NULL,
  `updated_at` timestamp NULL DEFAULT NULL
) ENGINE=InnoDB DEFAULT CHARSET=utf8mb4 COLLATE=utf8mb4_unicode_ci;

--
-- Volcado de datos para la tabla `productos`
--

INSERT INTO `productos` (`id`, `nombre`, `precio`, `estado`, `created_at`, `updated_at`) VALUES
(1, 'Hamburguesa', 12000, 1, '2021-10-14 16:15:26', '2021-10-27 15:51:30'),
(2, 'Perro caliente', 8000, 1, '2021-10-14 16:16:52', '2021-10-27 15:37:49'),
(25, 'Salchipapa', 14000, 1, '2021-11-09 21:15:48', '2021-11-09 21:15:48'),
(27, 'Choripapas', 15000, 0, '2021-11-17 14:31:26', '2021-11-17 16:07:00');

-- --------------------------------------------------------

--
-- Estructura de tabla para la tabla `proveedores`
--

CREATE TABLE `proveedores` (
  `id` bigint(20) UNSIGNED NOT NULL,
  `nit` varchar(20) COLLATE utf8mb4_unicode_ci NOT NULL,
  `nombrecontacto` varchar(40) COLLATE utf8mb4_unicode_ci NOT NULL,
  `correocontacto` varchar(50) COLLATE utf8mb4_unicode_ci NOT NULL,
  `numerocontacto` varchar(20) COLLATE utf8mb4_unicode_ci NOT NULL,
  `empresa` varchar(30) COLLATE utf8mb4_unicode_ci NOT NULL,
  `direccionempresa` varchar(25) COLLATE utf8mb4_unicode_ci NOT NULL,
  `created_at` timestamp NULL DEFAULT NULL,
  `updated_at` timestamp NULL DEFAULT NULL
) ENGINE=InnoDB DEFAULT CHARSET=utf8mb4 COLLATE=utf8mb4_unicode_ci;

--
-- Volcado de datos para la tabla `proveedores`
--

INSERT INTO `proveedores` (`id`, `nit`, `nombrecontacto`, `correocontacto`, `numerocontacto`, `empresa`, `direccionempresa`, `created_at`, `updated_at`) VALUES
(1, '1002205', 'Pepito', 'pepito@gmail.com', '0023562', 'Nose', 'Cl.00#00', NULL, NULL);

-- --------------------------------------------------------

--
-- Estructura de tabla para la tabla `roles`
--

CREATE TABLE `roles` (
  `id` bigint(20) UNSIGNED NOT NULL,
  `cargo` varchar(15) COLLATE utf8mb4_unicode_ci NOT NULL,
  `created_at` timestamp NULL DEFAULT NULL,
  `updated_at` timestamp NULL DEFAULT NULL
) ENGINE=InnoDB DEFAULT CHARSET=utf8mb4 COLLATE=utf8mb4_unicode_ci;

-- --------------------------------------------------------

--
-- Estructura de tabla para la tabla `sessions`
--

CREATE TABLE `sessions` (
  `id` varchar(191) COLLATE utf8mb4_unicode_ci NOT NULL,
  `user_id` bigint(20) UNSIGNED DEFAULT NULL,
  `ip_address` varchar(45) COLLATE utf8mb4_unicode_ci DEFAULT NULL,
  `user_agent` text COLLATE utf8mb4_unicode_ci DEFAULT NULL,
  `payload` text COLLATE utf8mb4_unicode_ci NOT NULL,
  `last_activity` int(11) NOT NULL
) ENGINE=InnoDB DEFAULT CHARSET=utf8mb4 COLLATE=utf8mb4_unicode_ci;

--
-- Volcado de datos para la tabla `sessions`
--

INSERT INTO `sessions` (`id`, `user_id`, `ip_address`, `user_agent`, `payload`, `last_activity`) VALUES
('FXvDKmIzCPpM0p58AfCmR3wHapuoQRNSHU4Fv0eh', 1, '127.0.0.1', 'Mozilla/5.0 (Windows NT 10.0; Win64; x64) AppleWebKit/537.36 (KHTML, like Gecko) Chrome/95.0.4638.69 Safari/537.36 Edg/95.0.1020.53', 'YTo2OntzOjY6Il90b2tlbiI7czo0MDoib09NdzZVQUhwcFNoSzdEazNVdHE5QXowZlZkUkUzbWJKQmcwcTFlbyI7czo5OiJfcHJldmlvdXMiO2E6MTp7czozOiJ1cmwiO3M6Mzc6Imh0dHA6Ly8xMjcuMC4wLjE6ODAwMC9wZGYvcGVkaWRvcy8zMjYiO31zOjY6Il9mbGFzaCI7YToyOntzOjM6Im9sZCI7YTowOnt9czozOiJuZXciO2E6MDp7fX1zOjUwOiJsb2dpbl93ZWJfNTliYTM2YWRkYzJiMmY5NDAxNTgwZjAxNGM3ZjU4ZWE0ZTMwOTg5ZCI7aToxO3M6MTc6InBhc3N3b3JkX2hhc2hfd2ViIjtzOjYwOiIkMnkkMTAkSnBlYzdSYVZnakhBQjlmd1I3Skk0ZVoubHRzNTJzVE84NlFXZExtUS9sUDQyb1p2SG9aQ0MiO3M6MjE6InBhc3N3b3JkX2hhc2hfc2FuY3R1bSI7czo2MDoiJDJ5JDEwJEpwZWM3UmFWZ2pIQUI5ZndSN0pJNGVaLmx0czUyc1RPODZRV2RMbVEvbFA0Mm9adkhvWkNDIjt9', 1637349758);

-- --------------------------------------------------------

--
-- Estructura de tabla para la tabla `users`
--

CREATE TABLE `users` (
  `id` bigint(20) UNSIGNED NOT NULL,
  `name` varchar(191) COLLATE utf8mb4_unicode_ci NOT NULL,
  `email` varchar(191) COLLATE utf8mb4_unicode_ci NOT NULL,
  `email_verified_at` timestamp NULL DEFAULT NULL,
  `password` varchar(191) COLLATE utf8mb4_unicode_ci NOT NULL,
  `two_factor_secret` text COLLATE utf8mb4_unicode_ci DEFAULT NULL,
  `two_factor_recovery_codes` text COLLATE utf8mb4_unicode_ci DEFAULT NULL,
  `remember_token` varchar(100) COLLATE utf8mb4_unicode_ci DEFAULT NULL,
  `current_team_id` bigint(20) UNSIGNED DEFAULT NULL,
  `profile_photo_path` varchar(2048) COLLATE utf8mb4_unicode_ci DEFAULT NULL,
  `created_at` timestamp NULL DEFAULT NULL,
  `updated_at` timestamp NULL DEFAULT NULL
) ENGINE=InnoDB DEFAULT CHARSET=utf8mb4 COLLATE=utf8mb4_unicode_ci;

--
-- Volcado de datos para la tabla `users`
--

INSERT INTO `users` (`id`, `name`, `email`, `email_verified_at`, `password`, `two_factor_secret`, `two_factor_recovery_codes`, `remember_token`, `current_team_id`, `profile_photo_path`, `created_at`, `updated_at`) VALUES
(1, 'Brahian Rojas', 'admin@admin.com', NULL, '$2y$10$Jpec7RaVgjHAB9fwR7JI4eZ.lts52sTO86QWdLmQ/lP42oZvHoZCC', NULL, NULL, NULL, NULL, NULL, '2021-10-14 15:59:39', '2021-10-14 15:59:39');

-- --------------------------------------------------------

--
-- Estructura de tabla para la tabla `ventas`
--

CREATE TABLE `ventas` (
  `id` bigint(20) UNSIGNED NOT NULL,
  `id_recibo` varchar(20) COLLATE utf8mb4_unicode_ci NOT NULL,
  `id_cliente` bigint(20) UNSIGNED NOT NULL,
  `fecha` datetime NOT NULL,
  `total` double NOT NULL,
  `pago` int(11) NOT NULL DEFAULT 0,
  `formaPago` enum('Efectivo','Transferencia bancaria') COLLATE utf8mb4_unicode_ci NOT NULL,
  `estado` varchar(255) COLLATE utf8mb4_unicode_ci NOT NULL DEFAULT '0',
  `cancelado` int(11) NOT NULL DEFAULT 0,
  `created_at` timestamp NULL DEFAULT NULL,
  `updated_at` timestamp NULL DEFAULT NULL
) ENGINE=InnoDB DEFAULT CHARSET=utf8mb4 COLLATE=utf8mb4_unicode_ci;

--
-- Volcado de datos para la tabla `ventas`
--

INSERT INTO `ventas` (`id`, `id_recibo`, `id_cliente`, `fecha`, `total`, `pago`, `formaPago`, `estado`, `cancelado`, `created_at`, `updated_at`) VALUES
(124, 'EPF-000', 3, '2021-11-08 00:55:57', 40000, 0, 'Efectivo', '3', 1, '2021-11-08 05:55:57', '2021-11-19 00:34:05'),
(125, 'EPF-125', 2, '2021-11-08 00:56:26', 80000, 1, 'Transferencia bancaria', '4', 0, '2021-11-08 05:56:26', '2021-11-11 15:08:27'),
(126, 'EPF-126', 3, '2021-11-08 00:57:49', 80000, 0, 'Transferencia bancaria', '0', 1, '2021-11-08 05:57:49', '2021-11-09 03:26:46'),
(229, 'EPF-127', 2, '2021-11-08 22:25:26', 60000, 1, 'Transferencia bancaria', '4', 0, '2021-11-09 03:25:26', '2021-11-11 15:07:57'),
(230, 'EPF-230', 2, '2021-11-09 10:28:30', 24000, 0, 'Transferencia bancaria', '3', 1, '2021-11-09 15:28:30', '2021-11-19 06:12:32'),
(231, 'EPF-231', 3, '2021-11-09 10:29:41', 60000, 0, 'Transferencia bancaria', '0', 1, '2021-11-09 15:29:41', '2021-11-09 15:30:11'),
(233, 'EPF-232', 2, '2021-11-11 10:04:45', 64000, 0, 'Efectivo', '2', 1, '2021-11-11 15:04:45', '2021-11-19 06:12:35'),
(234, 'EPF-234', 2, '2021-11-11 10:05:59', 16000, 0, 'Transferencia bancaria', '0', 1, '2021-11-11 15:05:59', '2021-11-11 15:06:24'),
(235, 'EPF-235', 3, '2021-11-11 10:09:59', 20000, 0, 'Transferencia bancaria', '0', 1, '2021-11-11 15:09:59', '2021-11-11 15:10:29'),
(238, 'EPF-236', 2, '2021-11-17 11:15:33', 16000, 0, 'Transferencia bancaria', '0', 1, '2021-11-17 16:15:33', '2021-11-19 00:34:34'),
(239, 'EPF-239', 2, '2021-11-18 10:46:06', 16000, 1, 'Transferencia bancaria', '4', 0, '2021-11-18 15:46:06', '2021-11-19 18:57:56'),
(240, 'EPF-240', 2, '2021-11-18 19:19:24', 32000, 0, 'Transferencia bancaria', '0', 1, '2021-11-19 00:19:24', '2021-11-19 00:21:19'),
(241, 'EPF-241', 2, '2021-11-18 19:20:58', 16000, 0, 'Transferencia bancaria', '0', 1, '2021-11-19 00:20:58', '2021-11-19 00:21:12'),
(242, 'EPF-242', 2, '2021-11-18 19:22:10', 42000, 0, 'Efectivo', '0', 1, '2021-11-19 00:22:10', '2021-11-19 00:56:29'),
(243, 'EPF-243', 3, '2021-11-18 19:23:18', 36000, 0, 'Transferencia bancaria', '0', 1, '2021-11-19 00:23:18', '2021-11-19 00:56:25'),
(244, 'EPF-244', 3, '2021-11-18 19:53:17', 70000, 0, 'Efectivo', '0', 1, '2021-11-19 00:53:17', '2021-11-19 00:56:22'),
(245, 'EPF-245', 3, '2021-11-18 19:54:07', 14000, 1, 'Efectivo', '0', 1, '2021-11-19 00:54:07', '2021-11-19 01:32:39'),
(246, 'EPF-246', 3, '2021-11-18 19:54:55', 24000, 0, 'Efectivo', '0', 1, '2021-11-19 00:54:55', '2021-11-19 00:56:18'),
(247, 'EPF-247', 3, '2021-11-18 19:55:31', 76000, 0, 'Efectivo', '0', 1, '2021-11-19 00:55:31', '2021-11-19 00:56:15'),
(248, 'EPF-248', 2, '2021-11-18 19:56:48', 28000, 0, 'Efectivo', '0', 1, '2021-11-19 00:56:48', '2021-11-19 00:59:38'),
(249, 'EPF-249', 2, '2021-11-18 19:57:25', 24000, 0, 'Efectivo', '0', 1, '2021-11-19 00:57:25', '2021-11-19 00:59:35'),
(250, 'EPF-250', 2, '2021-11-18 19:57:46', 40000, 0, 'Efectivo', '0', 1, '2021-11-19 00:57:46', '2021-11-19 00:59:32'),
(251, 'EPF-251', 2, '2021-11-18 20:11:15', 32000, 0, 'Transferencia bancaria', '0', 1, '2021-11-19 01:11:15', '2021-11-19 01:32:41'),
(252, 'EPF-252', 2, '2021-11-18 20:27:42', 40000, 0, 'Transferencia bancaria', '0', 1, '2021-11-19 01:27:42', '2021-11-19 01:32:50'),
(253, 'EPF-253', 2, '2021-11-18 20:28:21', 70000, 0, 'Transferencia bancaria', '0', 1, '2021-11-19 01:28:21', '2021-11-19 01:32:53'),
(254, 'EPF-254', 2, '2021-11-18 20:32:29', 24000, 0, 'Transferencia bancaria', '0', 1, '2021-11-19 01:32:29', '2021-11-19 01:32:36'),
(255, 'EPF-255', 2, '2021-11-18 20:41:26', 84000, 0, 'Transferencia bancaria', '0', 1, '2021-11-19 01:41:27', '2021-11-19 01:41:32'),
(256, 'EPF-256', 2, '2021-11-18 20:43:48', 70000, 0, 'Efectivo', '0', 1, '2021-11-19 01:43:48', '2021-11-19 06:12:24'),
(257, 'EPF-257', 2, '2021-11-18 20:44:51', 210000, 0, 'Efectivo', '0', 1, '2021-11-19 01:44:51', '2021-11-19 06:12:21'),
(258, 'EPF-258', 1, '2021-11-19 00:55:57', 34000, 0, 'Transferencia bancaria', '0', 1, '2021-11-19 05:55:57', '2021-11-19 06:12:19'),
(259, 'EPF-259', 1, '2021-11-19 00:57:30', 34000, 0, 'Transferencia bancaria', '0', 1, '2021-11-19 05:57:30', '2021-11-19 06:12:15'),
(260, 'EPF-260', 1, '2021-11-19 00:58:58', 56000, 0, 'Efectivo', '0', 1, '2021-11-19 05:58:58', '2021-11-19 06:12:12'),
(269, 'EPF-261', 1, '2021-11-19 01:13:03', 70000, 0, 'Efectivo', '0', 1, '2021-11-19 06:13:03', '2021-11-19 06:27:45'),
(273, 'EPF-270', 3, '2021-11-19 01:19:49', 30000, 0, 'Efectivo', '0', 1, '2021-11-19 06:19:49', '2021-11-19 06:27:42'),
(274, 'EPF-274', 3, '2021-11-19 01:25:50', 70000, 0, 'Efectivo', '0', 1, '2021-11-19 06:25:50', '2021-11-19 06:27:39'),
(275, 'EPF-275', 3, '2021-11-19 01:27:21', 40000, 0, 'Efectivo', '0', 1, '2021-11-19 06:27:21', '2021-11-19 06:27:36'),
(276, 'EPF-276', 3, '2021-11-19 01:33:05', 50000, 0, 'Transferencia bancaria', '0', 1, '2021-11-19 06:33:05', '2021-11-19 06:44:58'),
(277, 'EPF-277', 2, '2021-11-19 01:43:30', 50000, 0, 'Efectivo', '0', 1, '2021-11-19 06:43:30', '2021-11-19 06:44:55'),
(278, 'EPF-278', 3, '2021-11-19 01:45:25', 40000, 0, 'Transferencia bancaria', '0', 1, '2021-11-19 06:45:25', '2021-11-19 06:46:35'),
(279, 'EPF-279', 3, '2021-11-19 01:47:06', 80000, 0, 'Transferencia bancaria', '0', 1, '2021-11-19 06:47:06', '2021-11-19 07:00:02'),
(280, 'EPF-280', 3, '2021-11-19 01:49:17', 24000, 0, 'Transferencia bancaria', '0', 1, '2021-11-19 06:49:17', '2021-11-19 06:59:53'),
(281, 'EPF-281', 3, '2021-11-19 01:50:04', 24000, 0, 'Transferencia bancaria', '0', 1, '2021-11-19 06:50:04', '2021-11-19 06:59:56'),
(282, 'EPF-282', 3, '2021-11-19 01:56:52', 40000, 0, 'Transferencia bancaria', '0', 1, '2021-11-19 06:56:52', '2021-11-19 06:59:59'),
(283, 'EPF-283', 2, '2021-11-19 02:00:23', 20000, 0, 'Transferencia bancaria', '0', 1, '2021-11-19 07:00:23', '2021-11-19 07:01:41'),
(284, 'EPF-284', 2, '2021-11-19 02:01:03', 90000, 0, 'Transferencia bancaria', '0', 1, '2021-11-19 07:01:03', '2021-11-19 07:01:39'),
(285, 'EPF-285', 2, '2021-11-19 02:01:21', 14000, 0, 'Transferencia bancaria', '0', 1, '2021-11-19 07:01:21', '2021-11-19 07:01:36'),
(286, 'EPF-286', 3, '2021-11-19 02:04:52', 20000, 0, 'Transferencia bancaria', '0', 1, '2021-11-19 07:04:52', '2021-11-19 07:31:04'),
(287, 'EPF-287', 3, '2021-11-19 02:09:09', 32000, 0, 'Transferencia bancaria', '0', 1, '2021-11-19 07:09:09', '2021-11-19 07:30:43'),
(288, 'EPF-288', 2, '2021-11-19 02:11:47', 14000, 0, 'Transferencia bancaria', '0', 1, '2021-11-19 07:11:47', '2021-11-19 07:30:40'),
(289, 'EPF-289', 2, '2021-11-19 02:12:10', 14000, 0, 'Transferencia bancaria', '0', 1, '2021-11-19 07:12:10', '2021-11-19 07:30:46'),
(290, 'EPF-290', 2, '2021-11-19 02:14:36', 28000, 0, 'Transferencia bancaria', '0', 1, '2021-11-19 07:14:36', '2021-11-19 07:30:48'),
(291, 'EPF-291', 2, '2021-11-19 02:14:55', 28000, 0, 'Transferencia bancaria', '0', 1, '2021-11-19 07:14:55', '2021-11-19 07:30:50'),
(292, 'EPF-292', 2, '2021-11-19 02:15:16', 42000, 0, 'Transferencia bancaria', '0', 1, '2021-11-19 07:15:16', '2021-11-19 07:30:52'),
(293, 'EPF-293', 2, '2021-11-19 02:16:21', 28000, 0, 'Transferencia bancaria', '0', 1, '2021-11-19 07:16:21', '2021-11-19 07:30:54'),
(294, 'EPF-294', 2, '2021-11-19 02:16:49', 30000, 0, 'Transferencia bancaria', '0', 1, '2021-11-19 07:16:49', '2021-11-19 07:30:57'),
(295, 'EPF-295', 2, '2021-11-19 02:24:05', 40000, 0, 'Transferencia bancaria', '0', 1, '2021-11-19 07:24:05', '2021-11-19 07:30:59'),
(296, 'EPF-296', 2, '2021-11-19 02:30:32', 24000, 0, 'Transferencia bancaria', '0', 1, '2021-11-19 07:30:32', '2021-11-19 07:31:01'),
(297, 'EPF-297', 2, '2021-11-19 02:36:57', 30000, 0, 'Transferencia bancaria', '0', 1, '2021-11-19 07:36:57', '2021-11-19 07:37:44'),
(298, 'EPF-298', 2, '2021-11-19 02:37:29', 32000, 0, 'Transferencia bancaria', '0', 1, '2021-11-19 07:37:29', '2021-11-19 07:37:37'),
(299, 'EPF-299', 3, '2021-11-19 02:39:25', 60000, 0, 'Efectivo', '0', 1, '2021-11-19 07:39:25', '2021-11-19 07:50:37'),
(300, 'EPF-300', 3, '2021-11-19 02:39:59', 12000, 0, 'Efectivo', '0', 1, '2021-11-19 07:39:59', '2021-11-19 07:50:40'),
(301, 'EPF-301', 2, '2021-11-19 02:46:26', 14000, 0, 'Transferencia bancaria', '0', 1, '2021-11-19 07:46:26', '2021-11-19 07:50:30'),
(302, 'EPF-302', 2, '2021-11-19 02:51:07', 30000, 0, 'Transferencia bancaria', '0', 1, '2021-11-19 07:51:07', '2021-11-19 08:01:45'),
(303, 'EPF-303', 1, '2021-11-19 02:55:43', 90000, 0, 'Transferencia bancaria', '0', 1, '2021-11-19 07:55:43', '2021-11-19 08:01:36'),
(304, 'EPF-304', 1, '2021-11-19 02:57:42', 48000, 0, 'Transferencia bancaria', '0', 1, '2021-11-19 07:57:42', '2021-11-19 08:01:37'),
(305, 'EPF-305', 1, '2021-11-19 02:58:43', 14000, 0, 'Transferencia bancaria', '0', 1, '2021-11-19 07:58:43', '2021-11-19 08:01:40'),
(306, 'EPF-306', 1, '2021-11-19 02:59:49', 30000, 0, 'Transferencia bancaria', '0', 1, '2021-11-19 07:59:49', '2021-11-19 08:01:41'),
(307, 'EPF-307', 1, '2021-11-19 03:00:34', 36000, 0, 'Transferencia bancaria', '0', 1, '2021-11-19 08:00:34', '2021-11-19 08:01:32'),
(308, 'EPF-308', 3, '2021-11-19 03:02:54', 80000, 0, 'Transferencia bancaria', '0', 1, '2021-11-19 08:02:54', '2021-11-19 08:09:15'),
(309, 'EPF-309', 2, '2021-11-19 03:05:05', 16000, 0, 'Transferencia bancaria', '0', 1, '2021-11-19 08:05:05', '2021-11-19 08:09:08'),
(310, 'EPF-310', 2, '2021-11-19 03:07:30', 14000, 0, 'Efectivo', '0', 1, '2021-11-19 08:07:30', '2021-11-19 08:09:11'),
(311, 'EPF-311', 2, '2021-11-19 03:07:54', 24000, 0, 'Efectivo', '0', 1, '2021-11-19 08:07:54', '2021-11-19 08:09:04'),
(312, 'EPF-312', 2, '2021-11-19 03:11:29', 28000, 0, 'Transferencia bancaria', '0', 1, '2021-11-19 08:11:29', '2021-11-19 08:30:40'),
(313, 'EPF-313', 1, '2021-11-19 03:25:57', 70000, 0, 'Transferencia bancaria', '0', 1, '2021-11-19 08:25:57', '2021-11-19 08:30:36'),
(314, 'EPF-314', 3, '2021-11-19 03:27:31', 90000, 0, 'Transferencia bancaria', '0', 1, '2021-11-19 08:27:31', '2021-11-19 08:30:31'),
(315, 'EPF-315', 1, '2021-11-19 03:31:03', 70000, 0, 'Transferencia bancaria', '0', 1, '2021-11-19 08:31:03', '2021-11-19 08:39:50'),
(316, 'EPF-316', 1, '2021-11-19 03:34:14', 100000, 0, 'Efectivo', '0', 1, '2021-11-19 08:34:14', '2021-11-19 08:39:44'),
(317, 'EPF-317', 1, '2021-11-19 03:40:14', 100000, 0, 'Transferencia bancaria', '0', 1, '2021-11-19 08:40:14', '2021-11-19 08:41:26'),
(318, 'EPF-318', 1, '2021-11-19 03:41:55', 100000, 0, 'Transferencia bancaria', '0', 1, '2021-11-19 08:41:55', '2021-11-19 08:48:15'),
(319, 'EPF-319', 1, '2021-11-19 03:47:59', 40000, 0, 'Transferencia bancaria', '0', 1, '2021-11-19 08:47:59', '2021-11-19 08:48:19'),
(320, 'EPF-320', 1, '2021-11-19 03:48:39', 16000, 0, 'Transferencia bancaria', '0', 1, '2021-11-19 08:48:39', '2021-11-19 08:48:46'),
(321, 'EPF-321', 2, '2021-11-19 03:50:40', 60000, 0, 'Transferencia bancaria', '0', 1, '2021-11-19 08:50:40', '2021-11-19 18:57:27'),
(322, 'EPF-322', 1, '2021-11-19 03:53:21', 50000, 0, 'Transferencia bancaria', '0', 1, '2021-11-19 08:53:21', '2021-11-19 18:57:14'),
(323, 'EPF-323', 1, '2021-11-19 12:03:50', 80000, 0, 'Efectivo', '0', 1, '2021-11-19 17:03:50', '2021-11-19 18:57:17'),
(324, 'EPF-324', 1, '2021-11-19 13:56:12', 110000, 0, 'Transferencia bancaria', '0', 1, '2021-11-19 18:56:12', '2021-11-19 18:57:19'),
(325, 'EPF-325', 2, '2021-11-19 13:56:50', 16000, 0, 'Transferencia bancaria', '0', 1, '2021-11-19 18:56:50', '2021-11-19 18:57:21'),
(326, 'EPF-326', 2, '2021-11-19 13:58:31', 30000, 0, 'Transferencia bancaria', '1', 0, '2021-11-19 18:58:31', '2021-11-19 19:10:41');

--
-- Índices para tablas volcadas
--

--
-- Indices de la tabla `clientes`
--
ALTER TABLE `clientes`
  ADD PRIMARY KEY (`id`),
  ADD UNIQUE KEY `cedula` (`cedula`);

--
-- Indices de la tabla `compras`
--
ALTER TABLE `compras`
  ADD PRIMARY KEY (`id`),
  ADD KEY `id_proveedor` (`id_proveedor`);

--
-- Indices de la tabla `configuracion`
--
ALTER TABLE `configuracion`
  ADD PRIMARY KEY (`id`),
  ADD KEY `configuracion_id_rol_foreign` (`id_rol`),
  ADD KEY `configuracion_id_funcion_foreign` (`id_funcion`);

--
-- Indices de la tabla `detallecompras`
--
ALTER TABLE `detallecompras`
  ADD PRIMARY KEY (`id`),
  ADD KEY `detallecompras_id_compra_foreign` (`id_compra`) USING BTREE,
  ADD KEY `detallecompras_id_insumo_foreign` (`id_insumo`);

--
-- Indices de la tabla `detalleventas`
--
ALTER TABLE `detalleventas`
  ADD PRIMARY KEY (`id`),
  ADD KEY `detalleventas_id_producto_foreign` (`id_producto`),
  ADD KEY `detalleventas_id_venta_foreign` (`id_venta`);

--
-- Indices de la tabla `empleados`
--
ALTER TABLE `empleados`
  ADD PRIMARY KEY (`id`),
  ADD KEY `empleados_id_usuario_foreign` (`id_usuario`);

--
-- Indices de la tabla `failed_jobs`
--
ALTER TABLE `failed_jobs`
  ADD PRIMARY KEY (`id`),
  ADD UNIQUE KEY `failed_jobs_uuid_unique` (`uuid`);

--
-- Indices de la tabla `fechaestados`
--
ALTER TABLE `fechaestados`
  ADD PRIMARY KEY (`id`),
  ADD KEY `id_venta` (`id_venta`);

--
-- Indices de la tabla `funcion`
--
ALTER TABLE `funcion`
  ADD PRIMARY KEY (`id`);

--
-- Indices de la tabla `insumoproductos`
--
ALTER TABLE `insumoproductos`
  ADD PRIMARY KEY (`id`),
  ADD KEY `insumoproductos_id_insumo_foreign` (`id_insumo`),
  ADD KEY `insumoproductos_id_producto_foreign` (`id_producto`);

--
-- Indices de la tabla `insumos`
--
ALTER TABLE `insumos`
  ADD PRIMARY KEY (`id`),
  ADD UNIQUE KEY `nombre_insumo` (`nombre_insumo`);

--
-- Indices de la tabla `migrations`
--
ALTER TABLE `migrations`
  ADD PRIMARY KEY (`id`);

--
-- Indices de la tabla `password_resets`
--
ALTER TABLE `password_resets`
  ADD KEY `password_resets_email_index` (`email`);

--
-- Indices de la tabla `personal_access_tokens`
--
ALTER TABLE `personal_access_tokens`
  ADD PRIMARY KEY (`id`),
  ADD UNIQUE KEY `personal_access_tokens_token_unique` (`token`),
  ADD KEY `personal_access_tokens_tokenable_type_tokenable_id_index` (`tokenable_type`,`tokenable_id`);

--
-- Indices de la tabla `productos`
--
ALTER TABLE `productos`
  ADD PRIMARY KEY (`id`),
  ADD UNIQUE KEY `nombre` (`nombre`);

--
-- Indices de la tabla `proveedores`
--
ALTER TABLE `proveedores`
  ADD PRIMARY KEY (`id`);

--
-- Indices de la tabla `roles`
--
ALTER TABLE `roles`
  ADD PRIMARY KEY (`id`);

--
-- Indices de la tabla `sessions`
--
ALTER TABLE `sessions`
  ADD PRIMARY KEY (`id`),
  ADD KEY `sessions_user_id_index` (`user_id`),
  ADD KEY `sessions_last_activity_index` (`last_activity`);

--
-- Indices de la tabla `users`
--
ALTER TABLE `users`
  ADD PRIMARY KEY (`id`),
  ADD UNIQUE KEY `users_email_unique` (`email`);

--
-- Indices de la tabla `ventas`
--
ALTER TABLE `ventas`
  ADD PRIMARY KEY (`id`),
  ADD UNIQUE KEY `id_recibo` (`id_recibo`),
  ADD KEY `ventas_id_cliente_foreign` (`id_cliente`);

--
-- AUTO_INCREMENT de las tablas volcadas
--

--
-- AUTO_INCREMENT de la tabla `clientes`
--
ALTER TABLE `clientes`
  MODIFY `id` bigint(20) UNSIGNED NOT NULL AUTO_INCREMENT, AUTO_INCREMENT=5;

--
-- AUTO_INCREMENT de la tabla `compras`
--
ALTER TABLE `compras`
  MODIFY `id` bigint(20) UNSIGNED NOT NULL AUTO_INCREMENT, AUTO_INCREMENT=6;

--
-- AUTO_INCREMENT de la tabla `configuracion`
--
ALTER TABLE `configuracion`
  MODIFY `id` bigint(20) UNSIGNED NOT NULL AUTO_INCREMENT;

--
-- AUTO_INCREMENT de la tabla `detallecompras`
--
ALTER TABLE `detallecompras`
  MODIFY `id` bigint(20) UNSIGNED NOT NULL AUTO_INCREMENT, AUTO_INCREMENT=7;

--
-- AUTO_INCREMENT de la tabla `detalleventas`
--
ALTER TABLE `detalleventas`
  MODIFY `id` bigint(20) UNSIGNED NOT NULL AUTO_INCREMENT, AUTO_INCREMENT=391;

--
-- AUTO_INCREMENT de la tabla `empleados`
--
ALTER TABLE `empleados`
  MODIFY `id` bigint(20) UNSIGNED NOT NULL AUTO_INCREMENT;

--
-- AUTO_INCREMENT de la tabla `failed_jobs`
--
ALTER TABLE `failed_jobs`
  MODIFY `id` bigint(20) UNSIGNED NOT NULL AUTO_INCREMENT;

--
-- AUTO_INCREMENT de la tabla `fechaestados`
--
ALTER TABLE `fechaestados`
  MODIFY `id` bigint(20) UNSIGNED NOT NULL AUTO_INCREMENT, AUTO_INCREMENT=139;

--
-- AUTO_INCREMENT de la tabla `funcion`
--
ALTER TABLE `funcion`
  MODIFY `id` bigint(20) UNSIGNED NOT NULL AUTO_INCREMENT;

--
-- AUTO_INCREMENT de la tabla `insumoproductos`
--
ALTER TABLE `insumoproductos`
  MODIFY `id` bigint(20) UNSIGNED NOT NULL AUTO_INCREMENT, AUTO_INCREMENT=14;

--
-- AUTO_INCREMENT de la tabla `insumos`
--
ALTER TABLE `insumos`
  MODIFY `id` bigint(20) UNSIGNED NOT NULL AUTO_INCREMENT, AUTO_INCREMENT=13;

--
-- AUTO_INCREMENT de la tabla `migrations`
--
ALTER TABLE `migrations`
  MODIFY `id` int(10) UNSIGNED NOT NULL AUTO_INCREMENT, AUTO_INCREMENT=8;

--
-- AUTO_INCREMENT de la tabla `personal_access_tokens`
--
ALTER TABLE `personal_access_tokens`
  MODIFY `id` bigint(20) UNSIGNED NOT NULL AUTO_INCREMENT;

--
-- AUTO_INCREMENT de la tabla `productos`
--
ALTER TABLE `productos`
  MODIFY `id` bigint(20) UNSIGNED NOT NULL AUTO_INCREMENT, AUTO_INCREMENT=28;

--
-- AUTO_INCREMENT de la tabla `proveedores`
--
ALTER TABLE `proveedores`
  MODIFY `id` bigint(20) UNSIGNED NOT NULL AUTO_INCREMENT, AUTO_INCREMENT=2;

--
-- AUTO_INCREMENT de la tabla `roles`
--
ALTER TABLE `roles`
  MODIFY `id` bigint(20) UNSIGNED NOT NULL AUTO_INCREMENT;

--
-- AUTO_INCREMENT de la tabla `users`
--
ALTER TABLE `users`
  MODIFY `id` bigint(20) UNSIGNED NOT NULL AUTO_INCREMENT, AUTO_INCREMENT=2;

--
-- AUTO_INCREMENT de la tabla `ventas`
--
ALTER TABLE `ventas`
  MODIFY `id` bigint(20) UNSIGNED NOT NULL AUTO_INCREMENT, AUTO_INCREMENT=327;

--
-- Restricciones para tablas volcadas
--

--
-- Filtros para la tabla `compras`
--
ALTER TABLE `compras`
  ADD CONSTRAINT `compras_ibfk_1` FOREIGN KEY (`id_proveedor`) REFERENCES `proveedores` (`id`) ON DELETE CASCADE ON UPDATE CASCADE;

--
-- Filtros para la tabla `configuracion`
--
ALTER TABLE `configuracion`
  ADD CONSTRAINT `configuracion_id_funcion_foreign` FOREIGN KEY (`id_funcion`) REFERENCES `funcion` (`id`),
  ADD CONSTRAINT `configuracion_id_rol_foreign` FOREIGN KEY (`id_rol`) REFERENCES `roles` (`id`);

--
-- Filtros para la tabla `detallecompras`
--
ALTER TABLE `detallecompras`
  ADD CONSTRAINT `detallecompras_id_compra_foreign` FOREIGN KEY (`id_compra`) REFERENCES `compras` (`id`) ON DELETE CASCADE ON UPDATE CASCADE,
  ADD CONSTRAINT `detallecompras_id_insumo_foreign` FOREIGN KEY (`id_insumo`) REFERENCES `insumos` (`id`) ON DELETE CASCADE ON UPDATE CASCADE;

--
-- Filtros para la tabla `detalleventas`
--
ALTER TABLE `detalleventas`
  ADD CONSTRAINT `detalleventas_id_producto_foreign` FOREIGN KEY (`id_producto`) REFERENCES `productos` (`id`),
  ADD CONSTRAINT `detalleventas_id_venta_foreign` FOREIGN KEY (`id_venta`) REFERENCES `ventas` (`id`) ON DELETE CASCADE;

--
-- Filtros para la tabla `empleados`
--
ALTER TABLE `empleados`
  ADD CONSTRAINT `empleados_id_usuario_foreign` FOREIGN KEY (`id_usuario`) REFERENCES `users` (`id`);

--
-- Filtros para la tabla `fechaestados`
--
ALTER TABLE `fechaestados`
  ADD CONSTRAINT `venta_fechaestado_foreign` FOREIGN KEY (`id_venta`) REFERENCES `ventas` (`id`) ON DELETE CASCADE ON UPDATE CASCADE;

--
-- Filtros para la tabla `insumoproductos`
--
ALTER TABLE `insumoproductos`
  ADD CONSTRAINT `insumoproductos_id_insumo_foreign` FOREIGN KEY (`id_insumo`) REFERENCES `insumos` (`id`) ON DELETE CASCADE ON UPDATE CASCADE,
  ADD CONSTRAINT `insumoproductos_id_producto_foreign` FOREIGN KEY (`id_producto`) REFERENCES `productos` (`id`) ON DELETE CASCADE ON UPDATE CASCADE;

--
-- Filtros para la tabla `ventas`
--
ALTER TABLE `ventas`
  ADD CONSTRAINT `ventas_id_cliente_foreign` FOREIGN KEY (`id_cliente`) REFERENCES `clientes` (`id`) ON UPDATE CASCADE;
COMMIT;

/*!40101 SET CHARACTER_SET_CLIENT=@OLD_CHARACTER_SET_CLIENT */;
/*!40101 SET CHARACTER_SET_RESULTS=@OLD_CHARACTER_SET_RESULTS */;
/*!40101 SET COLLATION_CONNECTION=@OLD_COLLATION_CONNECTION */;
